#
# There is insufficient memory for the Java Runtime Environment to continue.
# Native memory allocation (mmap) failed to map 1132462080 bytes. Error detail: G1 virtual space
# Possible reasons:
#   The system is out of physical RAM or swap space
#   This process is running with CompressedOops enabled, and the Java Heap may be blocking the growth of the native heap
# Possible solutions:
#   Reduce memory load on the system
#   Increase physical memory or swap space
#   Check if swap backing store is full
#   Decrease Java heap size (-Xmx/-Xms)
#   Decrease number of Java threads
#   Decrease Java thread stack sizes (-Xss)
#   Set larger code cache with -XX:ReservedCodeCacheSize=
#   JVM is running with Zero Based Compressed Oops mode in which the Java heap is
#     placed in the first 32GB address space. The Java Heap base address is the
#     maximum limit for the native heap growth. Please use -XX:HeapBaseMinAddress
#     to set the Java Heap base and to place the Java Heap above 32GB virtual address.
# This output file may be truncated or incomplete.
#
#  Out of Memory Error (os_windows.cpp:3898), pid=23564, tid=24876
#
# JRE version: OpenJDK Runtime Environment (21.0.6) (build 21.0.6+-13391695-b895.109)
# Java VM: OpenJDK 64-Bit Server VM (21.0.6+-13391695-b895.109, mixed mode, tiered, compressed oops, compressed class ptrs, g1 gc, windows-amd64)
# No core dump will be written. Minidumps are not enabled by default on client versions of Windows
#

---------------  S U M M A R Y ------------

Command Line: --add-opens=java.base/java.lang=ALL-UNNAMED --add-opens=java.base/java.lang.invoke=ALL-UNNAMED --add-opens=java.base/java.util=ALL-UNNAMED --add-opens=java.prefs/java.util.prefs=ALL-UNNAMED --add-exports=jdk.compiler/com.sun.tools.javac.api=ALL-UNNAMED --add-exports=jdk.compiler/com.sun.tools.javac.util=ALL-UNNAMED --add-opens=java.base/java.util=ALL-UNNAMED --add-opens=java.prefs/java.util.prefs=ALL-UNNAMED --add-opens=java.base/java.nio.charset=ALL-UNNAMED --add-opens=java.base/java.net=ALL-UNNAMED --add-opens=java.base/java.util.concurrent=ALL-UNNAMED --add-opens=java.base/java.util.concurrent.atomic=ALL-UNNAMED --add-opens=java.xml/javax.xml.namespace=ALL-UNNAMED --add-opens=java.base/java.time=ALL-UNNAMED -Xmx4g -Dfile.encoding=UTF-8 -Duser.country=US -Duser.language=en -Duser.variant -javaagent:C:\Users\mimim\.gradle\wrapper\dists\gradle-9.3.0-bin\79n14ral3mx1ozqr3csh2u872\gradle-9.3.0\lib\agents\gradle-instrumentation-agent-9.3.0.jar org.gradle.launcher.daemon.bootstrap.GradleDaemon 9.3.0

Host: 11th Gen Intel(R) Core(TM) i3-1115G4 @ 3.00GHz, 4 cores, 7G,  Windows 11 , 64 bit Build 26100 (10.0.26100.8875)
Time: Mon Aug  3 06:27:02 2026 Romance Daylight Time elapsed time: 4413.127798 seconds (0d 1h 13m 33s)

---------------  T H R E A D  ---------------

Current thread (0x0000022638dfd1e0):  VMThread "VM Thread"          [id=24876, stack(0x000000ba9eb00000,0x000000ba9ec00000) (1024K)]

Stack: [0x000000ba9eb00000,0x000000ba9ec00000]
Native frames: (J=compiled Java code, j=interpreted, Vv=VM code, C=native code)
V  [jvm.dll+0x6d0639]
V  [jvm.dll+0x85eb03]
V  [jvm.dll+0x86105e]
V  [jvm.dll+0x861743]
V  [jvm.dll+0x27e6e6]
V  [jvm.dll+0x6ccfd5]
V  [jvm.dll+0x6c0a8a]
V  [jvm.dll+0x35537b]
V  [jvm.dll+0x35cfd6]
V  [jvm.dll+0x3aef86]
V  [jvm.dll+0x3af258]
V  [jvm.dll+0x327a2c]
V  [jvm.dll+0x327ab7]
V  [jvm.dll+0x36d93c]
V  [jvm.dll+0x36c0ee]
V  [jvm.dll+0x327181]
V  [jvm.dll+0x36b7f0]
V  [jvm.dll+0x8674c8]
V  [jvm.dll+0x868844]
V  [jvm.dll+0x868d80]
V  [jvm.dll+0x869013]
V  [jvm.dll+0x806ed8]
V  [jvm.dll+0x6cef0d]
C  [ucrtbase.dll+0x2cd30]
C  [KERNEL32.DLL+0x2e957]
C  [ntdll.dll+0xaad6c]

VM_Operation (0x000000baa3afc8c0): G1CollectForAllocation, mode: safepoint, requested by thread 0x00000226667c3b70


---------------  P R O C E S S  ---------------

Threads class SMR info:
_java_thread_list=0x000002264cdbcea0, length=75, elements={
0x000002261f89ebc0, 0x00000226390c5580, 0x00000226390c5fd0, 0x00000226390daf30,
0x00000226390de1a0, 0x00000226390f1130, 0x00000226390f38b0, 0x00000226390fec10,
0x00000226390ff6a0, 0x00000226390f45d0, 0x00000226390f2b90, 0x00000226390f4c60,
0x00000226390f17e0, 0x00000226390f1e70, 0x000002263f24cb60, 0x000002263f24a400,
0x000002263f24aa90, 0x000002263f24f950, 0x000002263f24c4d0, 0x000002263f251390,
0x00000226417ad980, 0x000002264410ae40, 0x000002264410fd00, 0x0000022643216060,
0x00000226669f08d0, 0x00000226669f0f60, 0x00000226667a8a50, 0x00000226667ab1b0,
0x000002264b7f12e0, 0x00000226667a90e0, 0x00000226667aa490, 0x00000226667a7010,
0x00000226667a83c0, 0x00000226667a9770, 0x00000226667a9e00, 0x00000226667a76a0,
0x00000226667a7d30, 0x00000226667acbf0, 0x00000226667ae630, 0x00000226667ad280,
0x00000226667abed0, 0x00000226667aecc0, 0x00000226667ac560, 0x00000226667ab840,
0x00000226667b0700, 0x00000226667adfa0, 0x00000226667b1ab0, 0x00000226667af9e0,
0x00000226667b0070, 0x00000226667b62e0, 0x00000226667b55c0, 0x00000226667b83b0,
0x00000226667b7000, 0x00000226667b5c50, 0x00000226667b7690, 0x00000226667b6970,
0x00000226667bb1a0, 0x00000226667b9760, 0x00000226667bab10, 0x00000226667b7d20,
0x00000226667b90d0, 0x00000226667bb830, 0x00000226667bbec0, 0x00000226667b8a40,
0x00000226667bdf90, 0x00000226667be620, 0x00000226667bd270, 0x00000226667af350,
0x00000226667bd900, 0x00000226667c1410, 0x00000226667c4f20, 0x00000226667c3b70,
0x00000226667c4890, 0x00000226667b9df0, 0x0000022666c63a80
}

Java Threads: ( => current thread )
  0x000002261f89ebc0 JavaThread "main"                              [_thread_blocked, id=25660, stack(0x000000ba9e300000,0x000000ba9e400000) (1024K)]
  0x00000226390c5580 JavaThread "Reference Handler"          daemon [_thread_blocked, id=23768, stack(0x000000ba9ec00000,0x000000ba9ed00000) (1024K)]
  0x00000226390c5fd0 JavaThread "Finalizer"                  daemon [_thread_blocked, id=8900, stack(0x000000ba9ed00000,0x000000ba9ee00000) (1024K)]
  0x00000226390daf30 JavaThread "Signal Dispatcher"          daemon [_thread_blocked, id=26680, stack(0x000000ba9ee00000,0x000000ba9ef00000) (1024K)]
  0x00000226390de1a0 JavaThread "Attach Listener"            daemon [_thread_blocked, id=19964, stack(0x000000ba9ef00000,0x000000ba9f000000) (1024K)]
  0x00000226390f1130 JavaThread "Service Thread"             daemon [_thread_blocked, id=29932, stack(0x000000ba9f000000,0x000000ba9f100000) (1024K)]
  0x00000226390f38b0 JavaThread "Monitor Deflation Thread"   daemon [_thread_blocked, id=22152, stack(0x000000ba9f100000,0x000000ba9f200000) (1024K)]
  0x00000226390fec10 JavaThread "C2 CompilerThread0"         daemon [_thread_blocked, id=6388, stack(0x000000ba9f200000,0x000000ba9f300000) (1024K)]
  0x00000226390ff6a0 JavaThread "C1 CompilerThread0"         daemon [_thread_blocked, id=14972, stack(0x000000ba9f300000,0x000000ba9f400000) (1024K)]
  0x00000226390f45d0 JavaThread "Common-Cleaner"             daemon [_thread_blocked, id=28964, stack(0x000000ba9f400000,0x000000ba9f500000) (1024K)]
  0x00000226390f2b90 JavaThread "Notification Thread"        daemon [_thread_blocked, id=19900, stack(0x000000ba9f500000,0x000000ba9f600000) (1024K)]
  0x00000226390f4c60 JavaThread "Daemon health stats"               [_thread_blocked, id=17284, stack(0x000000ba9f800000,0x000000ba9f900000) (1024K)]
  0x00000226390f17e0 JavaThread "Incoming local TCP Connector on port 64413"        [_thread_in_native, id=25212, stack(0x000000ba9fa00000,0x000000ba9fb00000) (1024K)]
  0x00000226390f1e70 JavaThread "Daemon periodic checks"            [_thread_blocked, id=3772, stack(0x000000ba9fb00000,0x000000ba9fc00000) (1024K)]
  0x000002263f24cb60 JavaThread "Cache worker for journal cache (C:\Users\mimim\.gradle\caches\journal-1)"        [_thread_blocked, id=18332, stack(0x000000baa0300000,0x000000baa0400000) (1024K)]
  0x000002263f24a400 JavaThread "File lock request listener"        [_thread_in_native, id=7008, stack(0x000000baa0400000,0x000000baa0500000) (1024K)]
  0x000002263f24aa90 JavaThread "Cache worker for file hash cache (C:\Users\mimim\.gradle\caches\9.3.0\fileHashes)"        [_thread_blocked, id=1592, stack(0x000000baa0600000,0x000000baa0700000) (1024K)]
  0x000002263f24f950 JavaThread "File watcher server"        daemon [_thread_in_native, id=15668, stack(0x000000baa0500000,0x000000baa0600000) (1024K)]
  0x000002263f24c4d0 JavaThread "File watcher consumer"      daemon [_thread_blocked, id=10640, stack(0x000000baa0900000,0x000000baa0a00000) (1024K)]
  0x000002263f251390 JavaThread "Cache worker for file content cache (C:\Users\mimim\.gradle\caches\9.3.0\fileContent)"        [_thread_blocked, id=2680, stack(0x000000baa0b00000,0x000000baa0c00000) (1024K)]
  0x00000226417ad980 JavaThread "Memory manager"                    [_thread_blocked, id=19740, stack(0x000000baa1800000,0x000000baa1900000) (1024K)]
  0x000002264410ae40 JavaThread "RMI Scheduler(0)"           daemon [_thread_blocked, id=11092, stack(0x000000baa4000000,0x000000baa4100000) (1024K)]
  0x000002264410fd00 JavaThread "RMI TCP Accept-0"           daemon [_thread_in_native, id=9420, stack(0x000000baa3f00000,0x000000baa4000000) (1024K)]
  0x0000022643216060 JavaThread "Cache worker for Java compile cache (C:\Users\mimim\.gradle\caches\9.3.0\javaCompile)"        [_thread_blocked, id=13756, stack(0x000000ba9e200000,0x000000ba9e300000) (1024K)]
  0x00000226669f08d0 JavaThread "RMI GC Daemon"              daemon [_thread_blocked, id=21344, stack(0x000000baa3300000,0x000000baa3400000) (1024K)]
  0x00000226669f0f60 JavaThread "RMI Reaper"                        [_thread_blocked, id=21568, stack(0x000000baa3400000,0x000000baa3500000) (1024K)]
  0x00000226667a8a50 JavaThread "Daemon Thread 4"                   [_thread_blocked, id=13208, stack(0x000000ba9e100000,0x000000ba9e200000) (1024K)]
  0x00000226667ab1b0 JavaThread "Daemon worker Thread 4"            [_thread_blocked, id=26428, stack(0x000000ba9fd00000,0x000000ba9fe00000) (1024K)]
  0x000002264b7f12e0 JavaThread "RMI TCP Connection(idle)"   daemon [_thread_blocked, id=23676, stack(0x000000baa4300000,0x000000baa4400000) (1024K)]
  0x00000226667a90e0 JavaThread "Handler for socket connection from /127.0.0.1:64413 to /127.0.0.1:60920"        [_thread_in_native, id=14188, stack(0x000000ba9fc00000,0x000000ba9fd00000) (1024K)]
  0x00000226667aa490 JavaThread "Cancel handler"                    [_thread_blocked, id=17128, stack(0x000000ba9ff00000,0x000000baa0000000) (1024K)]
  0x00000226667a7010 JavaThread "Asynchronous log dispatcher for DefaultDaemonConnection: socket connection from /127.0.0.1:64413 to /127.0.0.1:60920"        [_thread_blocked, id=8664, stack(0x000000baa0000000,0x000000baa0100000) (1024K)]
  0x00000226667a83c0 JavaThread "Stdin handler"                     [_thread_blocked, id=29040, stack(0x000000baa0100000,0x000000baa0200000) (1024K)]
  0x00000226667a9770 JavaThread "Daemon client event forwarder"        [_thread_blocked, id=20008, stack(0x000000baa0200000,0x000000baa0300000) (1024K)]
  0x00000226667a9e00 JavaThread "Cache worker for file hash cache (C:\Users\mimim\Documents\GitHub\AI-Illustration-Library-Manager\android_app\.gradle\9.3.0\fileHashes)"        [_thread_blocked, id=25696, stack(0x000000baa0700000,0x000000baa0800000) (1024K)]
  0x00000226667a76a0 JavaThread "Cache worker for Build Output Cleanup Cache (C:\Users\mimim\Documents\GitHub\AI-Illustration-Library-Manager\android_app\.gradle\buildOutputCleanup)"        [_thread_blocked, id=20516, stack(0x000000baa0800000,0x000000baa0900000) (1024K)]
  0x00000226667a7d30 JavaThread "Cache worker for checksums cache (C:\Users\mimim\Documents\GitHub\AI-Illustration-Library-Manager\android_app\.gradle\9.3.0\checksums)"        [_thread_blocked, id=12528, stack(0x000000baa0a00000,0x000000baa0b00000) (1024K)]
  0x00000226667acbf0 JavaThread "Cache worker for cache directory md-supplier (C:\Users\mimim\.gradle\caches\9.3.0\md-supplier)"        [_thread_blocked, id=21936, stack(0x000000baa0c00000,0x000000baa0d00000) (1024K)]
  0x00000226667ae630 JavaThread "Cache worker for cache directory md-rule (C:\Users\mimim\.gradle\caches\9.3.0\md-rule)"        [_thread_blocked, id=20268, stack(0x000000baa0d00000,0x000000baa0e00000) (1024K)]
  0x00000226667ad280 JavaThread "Unconstrained build operations"        [_thread_blocked, id=19208, stack(0x000000baa0e00000,0x000000baa0f00000) (1024K)]
  0x00000226667abed0 JavaThread "Unconstrained build operations Thread 2"        [_thread_blocked, id=14704, stack(0x000000baa1000000,0x000000baa1100000) (1024K)]
  0x00000226667aecc0 JavaThread "Unconstrained build operations Thread 3"        [_thread_blocked, id=17776, stack(0x000000baa1100000,0x000000baa1200000) (1024K)]
  0x00000226667ac560 JavaThread "Unconstrained build operations Thread 4"        [_thread_blocked, id=20472, stack(0x000000baa1200000,0x000000baa1300000) (1024K)]
  0x00000226667ab840 JavaThread "Unconstrained build operations Thread 5"        [_thread_blocked, id=9072, stack(0x000000baa1300000,0x000000baa1400000) (1024K)]
  0x00000226667b0700 JavaThread "Unconstrained build operations Thread 6"        [_thread_blocked, id=18760, stack(0x000000baa1400000,0x000000baa1500000) (1024K)]
  0x00000226667adfa0 JavaThread "Problems report writer"            [_thread_blocked, id=30320, stack(0x000000baa1500000,0x000000baa1600000) (1024K)]
  0x00000226667b1ab0 JavaThread "build event listener"              [_thread_blocked, id=13952, stack(0x000000baa1600000,0x000000baa1700000) (1024K)]
  0x00000226667af9e0 JavaThread "included builds"                   [_thread_blocked, id=15572, stack(0x000000baa1b00000,0x000000baa1c00000) (1024K)]
  0x00000226667b0070 JavaThread "Execution worker"                  [_thread_blocked, id=18536, stack(0x000000baa1c00000,0x000000baa1d00000) (1024K)]
  0x00000226667b62e0 JavaThread "Execution worker Thread 2"         [_thread_blocked, id=14168, stack(0x000000baa1d00000,0x000000baa1e00000) (1024K)]
  0x00000226667b55c0 JavaThread "Execution worker Thread 3"         [_thread_blocked, id=29324, stack(0x000000baa1e00000,0x000000baa1f00000) (1024K)]
  0x00000226667b83b0 JavaThread "Cache worker for execution history cache (C:\Users\mimim\Documents\GitHub\AI-Illustration-Library-Manager\android_app\.gradle\9.3.0\executionHistory)"        [_thread_blocked, id=12252, stack(0x000000baa1f00000,0x000000baa2000000) (1024K)]
  0x00000226667b7000 JavaThread "Unconstrained build operations Thread 7"        [_thread_blocked, id=23316, stack(0x000000baa2000000,0x000000baa2100000) (1024K)]
  0x00000226667b5c50 JavaThread "Unconstrained build operations Thread 8"        [_thread_blocked, id=16412, stack(0x000000baa2100000,0x000000baa2200000) (1024K)]
  0x00000226667b7690 JavaThread "Unconstrained build operations Thread 9"        [_thread_blocked, id=22740, stack(0x000000baa2200000,0x000000baa2300000) (1024K)]
  0x00000226667b6970 JavaThread "Unconstrained build operations Thread 10"        [_thread_blocked, id=14432, stack(0x000000baa2300000,0x000000baa2400000) (1024K)]
  0x00000226667bb1a0 JavaThread "Unconstrained build operations Thread 11"        [_thread_blocked, id=26888, stack(0x000000baa2400000,0x000000baa2500000) (1024K)]
  0x00000226667b9760 JavaThread "Unconstrained build operations Thread 12"        [_thread_blocked, id=23372, stack(0x000000baa2500000,0x000000baa2600000) (1024K)]
  0x00000226667bab10 JavaThread "Unconstrained build operations Thread 13"        [_thread_blocked, id=27684, stack(0x000000baa2600000,0x000000baa2700000) (1024K)]
  0x00000226667b7d20 JavaThread "Unconstrained build operations Thread 14"        [_thread_blocked, id=26024, stack(0x000000baa2700000,0x000000baa2800000) (1024K)]
  0x00000226667b90d0 JavaThread "Unconstrained build operations Thread 15"        [_thread_blocked, id=29740, stack(0x000000baa2800000,0x000000baa2900000) (1024K)]
  0x00000226667bb830 JavaThread "Unconstrained build operations Thread 16"        [_thread_blocked, id=22816, stack(0x000000baa2900000,0x000000baa2a00000) (1024K)]
  0x00000226667bbec0 JavaThread "Unconstrained build operations Thread 17"        [_thread_blocked, id=20228, stack(0x000000baa2b00000,0x000000baa2c00000) (1024K)]
  0x00000226667b8a40 JavaThread "WorkerExecutor Queue"              [_thread_blocked, id=22304, stack(0x000000baa2c00000,0x000000baa2d00000) (1024K)]
  0x00000226667bdf90 JavaThread "Unconstrained build operations Thread 18"        [_thread_blocked, id=6176, stack(0x000000baa2e00000,0x000000baa2f00000) (1024K)]
  0x00000226667be620 JavaThread "Unconstrained build operations Thread 19"        [_thread_blocked, id=9056, stack(0x000000baa2f00000,0x000000baa3000000) (1024K)]
  0x00000226667bd270 JavaThread "Unconstrained build operations Thread 20"        [_thread_blocked, id=2364, stack(0x000000baa3000000,0x000000baa3100000) (1024K)]
  0x00000226667af350 JavaThread "Unconstrained build operations Thread 21"        [_thread_blocked, id=14140, stack(0x000000baa3700000,0x000000baa3800000) (1024K)]
  0x00000226667bd900 JavaThread "Build operations"                  [_thread_blocked, id=23320, stack(0x000000baa1a00000,0x000000baa1b00000) (1024K)]
  0x00000226667c1410 JavaThread "Build operations Thread 2"         [_thread_blocked, id=29340, stack(0x000000baa3800000,0x000000baa3900000) (1024K)]
  0x00000226667c4f20 JavaThread "Build operations Thread 3"         [_thread_blocked, id=25800, stack(0x000000baa3900000,0x000000baa3a00000) (1024K)]
  0x00000226667c3b70 JavaThread "WorkerExecutor Queue Thread 2"        [_thread_blocked, id=15684, stack(0x000000baa3a00000,0x000000baa3b00000) (1024K)]
  0x00000226667c4890 JavaThread "WorkerExecutor Queue Thread 3"        [_thread_blocked, id=19872, stack(0x000000baa3c00000,0x000000baa3d00000) (1024K)]
  0x00000226667b9df0 JavaThread "WorkerExecutor Queue Thread 4"        [_thread_blocked, id=30072, stack(0x000000baa2a00000,0x000000baa2b00000) (1024K)]
  0x0000022666c63a80 JavaThread "C2 CompilerThread1"         daemon [_thread_blocked, id=4120, stack(0x000000ba9e400000,0x000000ba9e500000) (1024K)]
Total: 75

Other Threads:
=>0x0000022638dfd1e0 VMThread "VM Thread"                           [id=24876, stack(0x000000ba9eb00000,0x000000ba9ec00000) (1024K)]
  0x0000022638d9a150 WatcherThread "VM Periodic Task Thread"        [id=23384, stack(0x000000ba9ea00000,0x000000ba9eb00000) (1024K)]
  0x000002261f907700 WorkerThread "GC Thread#0"                     [id=22748, stack(0x000000ba9e500000,0x000000ba9e600000) (1024K)]
  0x00000226394159e0 WorkerThread "GC Thread#1"                     [id=26464, stack(0x000000ba9f600000,0x000000ba9f700000) (1024K)]
  0x00000226395219a0 WorkerThread "GC Thread#2"                     [id=26700, stack(0x000000ba9f700000,0x000000ba9f800000) (1024K)]
  0x000002263987f590 WorkerThread "GC Thread#3"                     [id=740, stack(0x000000ba9f900000,0x000000ba9fa00000) (1024K)]
  0x000002261f9185f0 ConcurrentGCThread "G1 Main Marker"            [id=17008, stack(0x000000ba9e600000,0x000000ba9e700000) (1024K)]
  0x000002261f919e40 WorkerThread "G1 Conc#0"                       [id=19772, stack(0x000000ba9e700000,0x000000ba9e800000) (1024K)]
  0x000002261f95e4f0 ConcurrentGCThread "G1 Refine#0"               [id=17092, stack(0x000000ba9e800000,0x000000ba9e900000) (1024K)]
  0x0000022638c64fa0 ConcurrentGCThread "G1 Service"                [id=30116, stack(0x000000ba9e900000,0x000000ba9ea00000) (1024K)]
Total: 10

Threads with active compile tasks:
C2 CompilerThread0  4413196 42838 %     4       com.android.tools.r8.ir.optimize.M::a @ 57 (767 bytes)
C1 CompilerThread0  4413196 42891       3       com.android.tools.r8.internal.Gp0::a (58 bytes)
C2 CompilerThread1  4413196 42834       4       com.android.tools.r8.internal.u9::a (1719 bytes)
Total: 3

VM state: at safepoint (normal execution)

VM Mutex/Monitor currently owned by a thread:  ([mutex/lock_event])
[0x00007ff9b008e3a0] Threads_lock - owner thread: 0x0000022638dfd1e0
[0x00007ff9b008e4a0] Heap_lock - owner thread: 0x00000226667c3b70

Heap address: 0x0000000700000000, size: 4096 MB, Compressed Oops mode: Zero based, Oop shift amount: 3

CDS archive(s) not mapped
Compressed class space mapped at: 0x0000000800000000-0x0000000840000000, reserved size: 1073741824
Narrow klass base: 0x0000000800000000, Narrow klass shift: 0, Narrow klass range: 0x40000000

GC Precious Log:
 CardTable entry size: 512
 Card Set container configuration: InlinePtr #cards 4 size 8 Array Of Cards #cards 16 size 48 Howl #buckets 8 coarsen threshold 3686 Howl Bitmap #cards 512 size 80 coarsen threshold 460 Card regions per heap region 1 cards per card region 4096
 CPUs: 4 total, 4 available
 Memory: 7812M
 Large Page Support: Disabled
 NUMA Support: Disabled
 Compressed Oops: Enabled (Zero based)
 Heap Region Size: 2M
 Heap Min Capacity: 8M
 Heap Initial Capacity: 124M
 Heap Max Capacity: 4G
 Pre-touch: Disabled
 Parallel Workers: 4
 Concurrent Workers: 1
 Concurrent Refinement Workers: 4
 Periodic GC: Disabled

Heap:
 garbage-first heap   total 1085440K, used 283653K [0x0000000700000000, 0x0000000800000000)
  region size 2048K, 1 young (2048K), 1 survivors (2048K)
 Metaspace       used 224750K, committed 226304K, reserved 1310720K
  class space    used 28034K, committed 28800K, reserved 1048576K

Heap Regions: E=young(eden), S=young(survivor), O=old, HS=humongous(starts), HC=humongous(continues), CS=collection set, F=free, TAMS=top-at-mark-start, PB=parsable bottom
|   0|0x0000000700000000, 0x0000000700200000, 0x0000000700200000|100%|HS|  |TAMS 0x0000000700000000| PB 0x0000000700000000| Complete 
|   1|0x0000000700200000, 0x0000000700400000, 0x0000000700400000|100%|HC|  |TAMS 0x0000000700200000| PB 0x0000000700200000| Complete 
|   2|0x0000000700400000, 0x0000000700600000, 0x0000000700600000|100%| O|  |TAMS 0x0000000700400000| PB 0x0000000700400000| Untracked 
|   3|0x0000000700600000, 0x0000000700800000, 0x0000000700800000|100%| O|  |TAMS 0x0000000700600000| PB 0x0000000700600000| Untracked 
|   4|0x0000000700800000, 0x0000000700a00000, 0x0000000700a00000|100%| O|  |TAMS 0x0000000700800000| PB 0x0000000700800000| Untracked 
|   5|0x0000000700a00000, 0x0000000700c00000, 0x0000000700c00000|100%| O|  |TAMS 0x0000000700a00000| PB 0x0000000700a00000| Untracked 
|   6|0x0000000700c00000, 0x0000000700e00000, 0x0000000700e00000|100%| O|  |TAMS 0x0000000700c00000| PB 0x0000000700c00000| Untracked 
|   7|0x0000000700e00000, 0x0000000701000000, 0x0000000701000000|100%| O|  |TAMS 0x0000000700e00000| PB 0x0000000700e00000| Untracked 
|   8|0x0000000701000000, 0x0000000701200000, 0x0000000701200000|100%| O|  |TAMS 0x0000000701000000| PB 0x0000000701000000| Untracked 
|   9|0x0000000701200000, 0x0000000701400000, 0x0000000701400000|100%| O|  |TAMS 0x0000000701200000| PB 0x0000000701200000| Untracked 
|  10|0x0000000701400000, 0x0000000701600000, 0x0000000701600000|100%| O|  |TAMS 0x0000000701400000| PB 0x0000000701400000| Untracked 
|  11|0x0000000701600000, 0x0000000701800000, 0x0000000701800000|100%| O|  |TAMS 0x0000000701600000| PB 0x0000000701600000| Untracked 
|  12|0x0000000701800000, 0x0000000701a00000, 0x0000000701a00000|100%| O|  |TAMS 0x0000000701800000| PB 0x0000000701800000| Untracked 
|  13|0x0000000701a00000, 0x0000000701c00000, 0x0000000701c00000|100%| O|  |TAMS 0x0000000701a00000| PB 0x0000000701a00000| Untracked 
|  14|0x0000000701c00000, 0x0000000701e00000, 0x0000000701e00000|100%| O|  |TAMS 0x0000000701c00000| PB 0x0000000701c00000| Untracked 
|  15|0x0000000701e00000, 0x0000000702000000, 0x0000000702000000|100%| O|  |TAMS 0x0000000701e00000| PB 0x0000000701e00000| Untracked 
|  16|0x0000000702000000, 0x0000000702200000, 0x0000000702200000|100%| O|  |TAMS 0x0000000702000000| PB 0x0000000702000000| Untracked 
|  17|0x0000000702200000, 0x0000000702400000, 0x0000000702400000|100%| O|  |TAMS 0x0000000702200000| PB 0x0000000702200000| Untracked 
|  18|0x0000000702400000, 0x0000000702600000, 0x0000000702600000|100%| O|  |TAMS 0x0000000702400000| PB 0x0000000702400000| Untracked 
|  19|0x0000000702600000, 0x0000000702800000, 0x0000000702800000|100%| O|  |TAMS 0x0000000702600000| PB 0x0000000702600000| Untracked 
|  20|0x0000000702800000, 0x0000000702a00000, 0x0000000702a00000|100%| O|  |TAMS 0x0000000702800000| PB 0x0000000702800000| Untracked 
|  21|0x0000000702a00000, 0x0000000702c00000, 0x0000000702c00000|100%| O|  |TAMS 0x0000000702a00000| PB 0x0000000702a00000| Untracked 
|  22|0x0000000702c00000, 0x0000000702e00000, 0x0000000702e00000|100%| O|  |TAMS 0x0000000702c00000| PB 0x0000000702c00000| Untracked 
|  23|0x0000000702e00000, 0x0000000703000000, 0x0000000703000000|100%| O|  |TAMS 0x0000000702e00000| PB 0x0000000702e00000| Untracked 
|  24|0x0000000703000000, 0x0000000703200000, 0x0000000703200000|100%|HS|  |TAMS 0x0000000703000000| PB 0x0000000703000000| Complete 
|  25|0x0000000703200000, 0x0000000703400000, 0x0000000703400000|100%|HS|  |TAMS 0x0000000703200000| PB 0x0000000703200000| Complete 
|  26|0x0000000703400000, 0x0000000703600000, 0x0000000703600000|100%|HS|  |TAMS 0x0000000703400000| PB 0x0000000703400000| Complete 
|  27|0x0000000703600000, 0x0000000703800000, 0x0000000703800000|100%|HC|  |TAMS 0x0000000703600000| PB 0x0000000703600000| Complete 
|  28|0x0000000703800000, 0x0000000703a00000, 0x0000000703a00000|100%| O|  |TAMS 0x0000000703800000| PB 0x0000000703800000| Untracked 
|  29|0x0000000703a00000, 0x0000000703c00000, 0x0000000703c00000|100%| O|  |TAMS 0x0000000703a00000| PB 0x0000000703a00000| Untracked 
|  30|0x0000000703c00000, 0x0000000703e00000, 0x0000000703e00000|100%| O|Cm|TAMS 0x0000000703c00000| PB 0x0000000703c00000| Complete 
|  31|0x0000000703e00000, 0x0000000704000000, 0x0000000704000000|100%| O|  |TAMS 0x0000000703e00000| PB 0x0000000703e00000| Untracked 
|  32|0x0000000704000000, 0x0000000704200000, 0x0000000704200000|100%| O|  |TAMS 0x0000000704000000| PB 0x0000000704000000| Untracked 
|  33|0x0000000704200000, 0x0000000704400000, 0x0000000704400000|100%| O|  |TAMS 0x0000000704200000| PB 0x0000000704200000| Untracked 
|  34|0x0000000704400000, 0x0000000704600000, 0x0000000704600000|100%| O|  |TAMS 0x0000000704400000| PB 0x0000000704400000| Untracked 
|  35|0x0000000704600000, 0x0000000704800000, 0x0000000704800000|100%| O|  |TAMS 0x0000000704600000| PB 0x0000000704600000| Untracked 
|  36|0x0000000704800000, 0x0000000704a00000, 0x0000000704a00000|100%| O|Cm|TAMS 0x0000000704800000| PB 0x0000000704800000| Complete 
|  37|0x0000000704a00000, 0x0000000704c00000, 0x0000000704c00000|100%| O|  |TAMS 0x0000000704a00000| PB 0x0000000704a00000| Untracked 
|  38|0x0000000704c00000, 0x0000000704e00000, 0x0000000704e00000|100%| O|  |TAMS 0x0000000704c00000| PB 0x0000000704c00000| Untracked 
|  39|0x0000000704e00000, 0x0000000705000000, 0x0000000705000000|100%|HS|  |TAMS 0x0000000704e00000| PB 0x0000000704e00000| Complete 
|  40|0x0000000705000000, 0x0000000705200000, 0x0000000705200000|100%|HC|  |TAMS 0x0000000705000000| PB 0x0000000705000000| Complete 
|  41|0x0000000705200000, 0x0000000705400000, 0x0000000705400000|100%| O|  |TAMS 0x0000000705200000| PB 0x0000000705200000| Untracked 
|  42|0x0000000705400000, 0x0000000705600000, 0x0000000705600000|100%| O|  |TAMS 0x0000000705400000| PB 0x0000000705400000| Untracked 
|  43|0x0000000705600000, 0x0000000705800000, 0x0000000705800000|100%| O|  |TAMS 0x0000000705600000| PB 0x0000000705600000| Untracked 
|  44|0x0000000705800000, 0x0000000705a00000, 0x0000000705a00000|100%| O|Cm|TAMS 0x0000000705800000| PB 0x0000000705800000| Complete 
|  45|0x0000000705a00000, 0x0000000705a00000, 0x0000000705c00000|  0%| F|  |TAMS 0x0000000705a00000| PB 0x0000000705a00000| Untracked 
|  46|0x0000000705c00000, 0x0000000705e00000, 0x0000000705e00000|100%| O|  |TAMS 0x0000000705c00000| PB 0x0000000705c00000| Untracked 
|  47|0x0000000705e00000, 0x0000000706000000, 0x0000000706000000|100%| O|  |TAMS 0x0000000705e00000| PB 0x0000000705e00000| Untracked 
|  48|0x0000000706000000, 0x0000000706200000, 0x0000000706200000|100%| O|  |TAMS 0x0000000706000000| PB 0x0000000706000000| Untracked 
|  49|0x0000000706200000, 0x0000000706400000, 0x0000000706400000|100%| O|  |TAMS 0x0000000706200000| PB 0x0000000706200000| Untracked 
|  50|0x0000000706400000, 0x00000007065c5400, 0x0000000706600000| 88%| O|  |TAMS 0x0000000706400000| PB 0x0000000706400000| Untracked 
|  51|0x0000000706600000, 0x0000000706600000, 0x0000000706800000|  0%| F|  |TAMS 0x0000000706600000| PB 0x0000000706600000| Untracked 
|  52|0x0000000706800000, 0x0000000706800000, 0x0000000706a00000|  0%| F|  |TAMS 0x0000000706800000| PB 0x0000000706800000| Untracked 
|  53|0x0000000706a00000, 0x0000000706c00000, 0x0000000706c00000|100%| O|  |TAMS 0x0000000706a00000| PB 0x0000000706a00000| Untracked 
|  54|0x0000000706c00000, 0x0000000706e00000, 0x0000000706e00000|100%| O|  |TAMS 0x0000000706c00000| PB 0x0000000706c00000| Untracked 
|  55|0x0000000706e00000, 0x0000000707000000, 0x0000000707000000|100%| O|Cm|TAMS 0x0000000706e00000| PB 0x0000000706e00000| Complete 
|  56|0x0000000707000000, 0x0000000707200000, 0x0000000707200000|100%| O|Cm|TAMS 0x0000000707000000| PB 0x0000000707000000| Complete 
|  57|0x0000000707200000, 0x0000000707400000, 0x0000000707400000|100%| O|  |TAMS 0x0000000707200000| PB 0x0000000707200000| Untracked 
|  58|0x0000000707400000, 0x0000000707400000, 0x0000000707600000|  0%| F|  |TAMS 0x0000000707400000| PB 0x0000000707400000| Untracked 
|  59|0x0000000707600000, 0x0000000707800000, 0x0000000707800000|100%| O|  |TAMS 0x0000000707600000| PB 0x0000000707600000| Untracked 
|  60|0x0000000707800000, 0x0000000707800000, 0x0000000707a00000|  0%| F|  |TAMS 0x0000000707800000| PB 0x0000000707800000| Untracked 
|  61|0x0000000707a00000, 0x0000000707c00000, 0x0000000707c00000|100%| O|  |TAMS 0x0000000707a00000| PB 0x0000000707a00000| Untracked 
|  62|0x0000000707c00000, 0x0000000707e00000, 0x0000000707e00000|100%| O|  |TAMS 0x0000000707c00000| PB 0x0000000707c00000| Untracked 
|  63|0x0000000707e00000, 0x0000000708000000, 0x0000000708000000|100%| O|  |TAMS 0x0000000707e00000| PB 0x0000000707e00000| Untracked 
|  64|0x0000000708000000, 0x0000000708200000, 0x0000000708200000|100%| O|  |TAMS 0x0000000708000000| PB 0x0000000708000000| Untracked 
|  65|0x0000000708200000, 0x0000000708400000, 0x0000000708400000|100%| O|  |TAMS 0x0000000708200000| PB 0x0000000708200000| Untracked 
|  66|0x0000000708400000, 0x0000000708400000, 0x0000000708600000|  0%| F|  |TAMS 0x0000000708400000| PB 0x0000000708400000| Untracked 
|  67|0x0000000708600000, 0x0000000708600000, 0x0000000708800000|  0%| F|  |TAMS 0x0000000708600000| PB 0x0000000708600000| Untracked 
|  68|0x0000000708800000, 0x0000000708800000, 0x0000000708a00000|  0%| F|  |TAMS 0x0000000708800000| PB 0x0000000708800000| Untracked 
|  69|0x0000000708a00000, 0x0000000708c00000, 0x0000000708c00000|100%| O|  |TAMS 0x0000000708a00000| PB 0x0000000708a00000| Untracked 
|  70|0x0000000708c00000, 0x0000000708c00000, 0x0000000708e00000|  0%| F|  |TAMS 0x0000000708c00000| PB 0x0000000708c00000| Untracked 
|  71|0x0000000708e00000, 0x0000000708e00000, 0x0000000709000000|  0%| F|  |TAMS 0x0000000708e00000| PB 0x0000000708e00000| Untracked 
|  72|0x0000000709000000, 0x0000000709000000, 0x0000000709200000|  0%| F|  |TAMS 0x0000000709000000| PB 0x0000000709000000| Untracked 
|  73|0x0000000709200000, 0x0000000709400000, 0x0000000709400000|100%| O|  |TAMS 0x0000000709200000| PB 0x0000000709200000| Untracked 
|  74|0x0000000709400000, 0x0000000709600000, 0x0000000709600000|100%| O|  |TAMS 0x0000000709400000| PB 0x0000000709400000| Untracked 
|  75|0x0000000709600000, 0x0000000709600000, 0x0000000709800000|  0%| F|  |TAMS 0x0000000709600000| PB 0x0000000709600000| Untracked 
|  76|0x0000000709800000, 0x0000000709800000, 0x0000000709a00000|  0%| F|  |TAMS 0x0000000709800000| PB 0x0000000709800000| Untracked 
|  77|0x0000000709a00000, 0x0000000709c00000, 0x0000000709c00000|100%| O|  |TAMS 0x0000000709a00000| PB 0x0000000709a00000| Untracked 
|  78|0x0000000709c00000, 0x0000000709e00000, 0x0000000709e00000|100%| O|  |TAMS 0x0000000709c00000| PB 0x0000000709c00000| Untracked 
|  79|0x0000000709e00000, 0x000000070a000000, 0x000000070a000000|100%| O|  |TAMS 0x0000000709e00000| PB 0x0000000709e00000| Untracked 
|  80|0x000000070a000000, 0x000000070a200000, 0x000000070a200000|100%| O|  |TAMS 0x000000070a000000| PB 0x000000070a000000| Untracked 
|  81|0x000000070a200000, 0x000000070a200000, 0x000000070a400000|  0%| F|  |TAMS 0x000000070a200000| PB 0x000000070a200000| Untracked 
|  82|0x000000070a400000, 0x000000070a400000, 0x000000070a600000|  0%| F|  |TAMS 0x000000070a400000| PB 0x000000070a400000| Untracked 
|  83|0x000000070a600000, 0x000000070a800000, 0x000000070a800000|100%| O|Cm|TAMS 0x000000070a600000| PB 0x000000070a600000| Complete 
|  84|0x000000070a800000, 0x000000070a800000, 0x000000070aa00000|  0%| F|  |TAMS 0x000000070a800000| PB 0x000000070a800000| Untracked 
|  85|0x000000070aa00000, 0x000000070aa00000, 0x000000070ac00000|  0%| F|  |TAMS 0x000000070aa00000| PB 0x000000070aa00000| Untracked 
|  86|0x000000070ac00000, 0x000000070ac00000, 0x000000070ae00000|  0%| F|  |TAMS 0x000000070ac00000| PB 0x000000070ac00000| Untracked 
|  87|0x000000070ae00000, 0x000000070ae00000, 0x000000070b000000|  0%| F|  |TAMS 0x000000070ae00000| PB 0x000000070ae00000| Untracked 
|  88|0x000000070b000000, 0x000000070b200000, 0x000000070b200000|100%| O|Cm|TAMS 0x000000070b000000| PB 0x000000070b000000| Complete 
|  89|0x000000070b200000, 0x000000070b200000, 0x000000070b400000|  0%| F|  |TAMS 0x000000070b200000| PB 0x000000070b200000| Untracked 
|  90|0x000000070b400000, 0x000000070b400000, 0x000000070b600000|  0%| F|  |TAMS 0x000000070b400000| PB 0x000000070b400000| Untracked 
|  91|0x000000070b600000, 0x000000070b800000, 0x000000070b800000|100%| O|  |TAMS 0x000000070b600000| PB 0x000000070b600000| Untracked 
|  92|0x000000070b800000, 0x000000070ba00000, 0x000000070ba00000|100%| O|  |TAMS 0x000000070b800000| PB 0x000000070b800000| Untracked 
|  93|0x000000070ba00000, 0x000000070bc00000, 0x000000070bc00000|100%| O|  |TAMS 0x000000070ba00000| PB 0x000000070ba00000| Untracked 
|  94|0x000000070bc00000, 0x000000070bc00000, 0x000000070be00000|  0%| F|  |TAMS 0x000000070bc00000| PB 0x000000070bc00000| Untracked 
|  95|0x000000070be00000, 0x000000070be00000, 0x000000070c000000|  0%| F|  |TAMS 0x000000070be00000| PB 0x000000070be00000| Untracked 
|  96|0x000000070c000000, 0x000000070c200000, 0x000000070c200000|100%| O|  |TAMS 0x000000070c000000| PB 0x000000070c000000| Untracked 
|  97|0x000000070c200000, 0x000000070c400000, 0x000000070c400000|100%| O|  |TAMS 0x000000070c200000| PB 0x000000070c200000| Untracked 
|  98|0x000000070c400000, 0x000000070c600000, 0x000000070c600000|100%| O|Cm|TAMS 0x000000070c400000| PB 0x000000070c400000| Complete 
|  99|0x000000070c600000, 0x000000070c600000, 0x000000070c800000|  0%| F|  |TAMS 0x000000070c600000| PB 0x000000070c600000| Untracked 
| 100|0x000000070c800000, 0x000000070c800000, 0x000000070ca00000|  0%| F|  |TAMS 0x000000070c800000| PB 0x000000070c800000| Untracked 
| 101|0x000000070ca00000, 0x000000070ca00000, 0x000000070cc00000|  0%| F|  |TAMS 0x000000070ca00000| PB 0x000000070ca00000| Untracked 
| 102|0x000000070cc00000, 0x000000070cc00000, 0x000000070ce00000|  0%| F|  |TAMS 0x000000070cc00000| PB 0x000000070cc00000| Untracked 
| 103|0x000000070ce00000, 0x000000070ce00000, 0x000000070d000000|  0%| F|  |TAMS 0x000000070ce00000| PB 0x000000070ce00000| Untracked 
| 104|0x000000070d000000, 0x000000070d000000, 0x000000070d200000|  0%| F|  |TAMS 0x000000070d000000| PB 0x000000070d000000| Untracked 
| 105|0x000000070d200000, 0x000000070d200000, 0x000000070d400000|  0%| F|  |TAMS 0x000000070d200000| PB 0x000000070d200000| Untracked 
| 106|0x000000070d400000, 0x000000070d400000, 0x000000070d600000|  0%| F|  |TAMS 0x000000070d400000| PB 0x000000070d400000| Untracked 
| 107|0x000000070d600000, 0x000000070d800000, 0x000000070d800000|100%| O|  |TAMS 0x000000070d600000| PB 0x000000070d600000| Untracked 
| 108|0x000000070d800000, 0x000000070da00000, 0x000000070da00000|100%| O|Cm|TAMS 0x000000070d800000| PB 0x000000070d800000| Complete 
| 109|0x000000070da00000, 0x000000070dc00000, 0x000000070dc00000|100%| O|Cm|TAMS 0x000000070da00000| PB 0x000000070da00000| Complete 
| 110|0x000000070dc00000, 0x000000070de00000, 0x000000070de00000|100%| O|Cm|TAMS 0x000000070dc00000| PB 0x000000070dc00000| Complete 
| 111|0x000000070de00000, 0x000000070e000000, 0x000000070e000000|100%| O|  |TAMS 0x000000070de00000| PB 0x000000070de00000| Untracked 
| 112|0x000000070e000000, 0x000000070e200000, 0x000000070e200000|100%| O|  |TAMS 0x000000070e000000| PB 0x000000070e000000| Untracked 
| 113|0x000000070e200000, 0x000000070e200000, 0x000000070e400000|  0%| F|  |TAMS 0x000000070e200000| PB 0x000000070e200000| Untracked 
| 114|0x000000070e400000, 0x000000070e400000, 0x000000070e600000|  0%| F|  |TAMS 0x000000070e400000| PB 0x000000070e400000| Untracked 
| 115|0x000000070e600000, 0x000000070e600000, 0x000000070e800000|  0%| F|  |TAMS 0x000000070e600000| PB 0x000000070e600000| Untracked 
| 116|0x000000070e800000, 0x000000070e800000, 0x000000070ea00000|  0%| F|  |TAMS 0x000000070e800000| PB 0x000000070e800000| Untracked 
| 117|0x000000070ea00000, 0x000000070ea00000, 0x000000070ec00000|  0%| F|  |TAMS 0x000000070ea00000| PB 0x000000070ea00000| Untracked 
| 118|0x000000070ec00000, 0x000000070ee00000, 0x000000070ee00000|100%| O|  |TAMS 0x000000070ec00000| PB 0x000000070ec00000| Untracked 
| 119|0x000000070ee00000, 0x000000070ee00000, 0x000000070f000000|  0%| F|  |TAMS 0x000000070ee00000| PB 0x000000070ee00000| Untracked 
| 120|0x000000070f000000, 0x000000070f000000, 0x000000070f200000|  0%| F|  |TAMS 0x000000070f000000| PB 0x000000070f000000| Untracked 
| 121|0x000000070f200000, 0x000000070f200000, 0x000000070f400000|  0%| F|  |TAMS 0x000000070f200000| PB 0x000000070f200000| Untracked 
| 122|0x000000070f400000, 0x000000070f400000, 0x000000070f600000|  0%| F|  |TAMS 0x000000070f400000| PB 0x000000070f400000| Untracked 
| 123|0x000000070f600000, 0x000000070f600000, 0x000000070f800000|  0%| F|  |TAMS 0x000000070f600000| PB 0x000000070f600000| Untracked 
| 124|0x000000070f800000, 0x000000070fa00000, 0x000000070fa00000|100%| O|  |TAMS 0x000000070f800000| PB 0x000000070f800000| Untracked 
| 125|0x000000070fa00000, 0x000000070fa00000, 0x000000070fc00000|  0%| F|  |TAMS 0x000000070fa00000| PB 0x000000070fa00000| Untracked 
| 126|0x000000070fc00000, 0x000000070fe00000, 0x000000070fe00000|100%| O|  |TAMS 0x000000070fc00000| PB 0x000000070fc00000| Untracked 
| 127|0x000000070fe00000, 0x000000070fe00000, 0x0000000710000000|  0%| F|  |TAMS 0x000000070fe00000| PB 0x000000070fe00000| Untracked 
| 128|0x0000000710000000, 0x0000000710200000, 0x0000000710200000|100%| O|  |TAMS 0x0000000710000000| PB 0x0000000710000000| Untracked 
| 129|0x0000000710200000, 0x0000000710200000, 0x0000000710400000|  0%| F|  |TAMS 0x0000000710200000| PB 0x0000000710200000| Untracked 
| 130|0x0000000710400000, 0x0000000710600000, 0x0000000710600000|100%| O|Cm|TAMS 0x0000000710400000| PB 0x0000000710400000| Complete 
| 131|0x0000000710600000, 0x0000000710800000, 0x0000000710800000|100%| O|Cm|TAMS 0x0000000710600000| PB 0x0000000710600000| Complete 
| 132|0x0000000710800000, 0x0000000710a00000, 0x0000000710a00000|100%| O|Cm|TAMS 0x0000000710800000| PB 0x0000000710800000| Complete 
| 133|0x0000000710a00000, 0x0000000710a00000, 0x0000000710c00000|  0%| F|  |TAMS 0x0000000710a00000| PB 0x0000000710a00000| Untracked 
| 134|0x0000000710c00000, 0x0000000710c00000, 0x0000000710e00000|  0%| F|  |TAMS 0x0000000710c00000| PB 0x0000000710c00000| Untracked 
| 135|0x0000000710e00000, 0x0000000711000000, 0x0000000711000000|100%| O|  |TAMS 0x0000000710e00000| PB 0x0000000710e00000| Untracked 
| 136|0x0000000711000000, 0x0000000711000000, 0x0000000711200000|  0%| F|  |TAMS 0x0000000711000000| PB 0x0000000711000000| Untracked 
| 137|0x0000000711200000, 0x0000000711400000, 0x0000000711400000|100%| O|Cm|TAMS 0x0000000711200000| PB 0x0000000711200000| Complete 
| 138|0x0000000711400000, 0x0000000711400000, 0x0000000711600000|  0%| F|  |TAMS 0x0000000711400000| PB 0x0000000711400000| Untracked 
| 139|0x0000000711600000, 0x0000000711800000, 0x0000000711800000|100%| O|Cm|TAMS 0x0000000711600000| PB 0x0000000711600000| Complete 
| 140|0x0000000711800000, 0x0000000711800000, 0x0000000711a00000|  0%| F|  |TAMS 0x0000000711800000| PB 0x0000000711800000| Untracked 
| 141|0x0000000711a00000, 0x0000000711a00000, 0x0000000711c00000|  0%| F|  |TAMS 0x0000000711a00000| PB 0x0000000711a00000| Untracked 
| 142|0x0000000711c00000, 0x0000000711c00000, 0x0000000711e00000|  0%| F|  |TAMS 0x0000000711c00000| PB 0x0000000711c00000| Untracked 
| 143|0x0000000711e00000, 0x0000000711e00000, 0x0000000712000000|  0%| F|  |TAMS 0x0000000711e00000| PB 0x0000000711e00000| Untracked 
| 144|0x0000000712000000, 0x0000000712200000, 0x0000000712200000|100%| O|  |TAMS 0x0000000712000000| PB 0x0000000712000000| Untracked 
| 145|0x0000000712200000, 0x0000000712200000, 0x0000000712400000|  0%| F|  |TAMS 0x0000000712200000| PB 0x0000000712200000| Untracked 
| 146|0x0000000712400000, 0x0000000712400000, 0x0000000712600000|  0%| F|  |TAMS 0x0000000712400000| PB 0x0000000712400000| Untracked 
| 147|0x0000000712600000, 0x0000000712800000, 0x0000000712800000|100%| O|  |TAMS 0x0000000712600000| PB 0x0000000712600000| Untracked 
| 148|0x0000000712800000, 0x0000000712800000, 0x0000000712a00000|  0%| F|  |TAMS 0x0000000712800000| PB 0x0000000712800000| Untracked 
| 149|0x0000000712a00000, 0x0000000712a00000, 0x0000000712c00000|  0%| F|  |TAMS 0x0000000712a00000| PB 0x0000000712a00000| Untracked 
| 150|0x0000000712c00000, 0x0000000712c00000, 0x0000000712e00000|  0%| F|  |TAMS 0x0000000712c00000| PB 0x0000000712c00000| Untracked 
| 151|0x0000000712e00000, 0x0000000712e00000, 0x0000000713000000|  0%| F|  |TAMS 0x0000000712e00000| PB 0x0000000712e00000| Untracked 
| 152|0x0000000713000000, 0x0000000713000000, 0x0000000713200000|  0%| F|  |TAMS 0x0000000713000000| PB 0x0000000713000000| Untracked 
| 153|0x0000000713200000, 0x0000000713200000, 0x0000000713400000|  0%| F|  |TAMS 0x0000000713200000| PB 0x0000000713200000| Untracked 
| 154|0x0000000713400000, 0x0000000713400000, 0x0000000713600000|  0%| F|  |TAMS 0x0000000713400000| PB 0x0000000713400000| Untracked 
| 155|0x0000000713600000, 0x0000000713600000, 0x0000000713800000|  0%| F|  |TAMS 0x0000000713600000| PB 0x0000000713600000| Untracked 
| 156|0x0000000713800000, 0x0000000713800000, 0x0000000713a00000|  0%| F|  |TAMS 0x0000000713800000| PB 0x0000000713800000| Untracked 
| 157|0x0000000713a00000, 0x0000000713a00000, 0x0000000713c00000|  0%| F|  |TAMS 0x0000000713a00000| PB 0x0000000713a00000| Untracked 
| 158|0x0000000713c00000, 0x0000000713c00000, 0x0000000713e00000|  0%| F|  |TAMS 0x0000000713c00000| PB 0x0000000713c00000| Untracked 
| 159|0x0000000713e00000, 0x0000000713e00000, 0x0000000714000000|  0%| F|  |TAMS 0x0000000713e00000| PB 0x0000000713e00000| Untracked 
| 160|0x0000000714000000, 0x0000000714000000, 0x0000000714200000|  0%| F|  |TAMS 0x0000000714000000| PB 0x0000000714000000| Untracked 
| 161|0x0000000714200000, 0x0000000714200000, 0x0000000714400000|  0%| F|  |TAMS 0x0000000714200000| PB 0x0000000714200000| Untracked 
| 162|0x0000000714400000, 0x0000000714400000, 0x0000000714600000|  0%| F|  |TAMS 0x0000000714400000| PB 0x0000000714400000| Untracked 
| 163|0x0000000714600000, 0x0000000714600000, 0x0000000714800000|  0%| F|  |TAMS 0x0000000714600000| PB 0x0000000714600000| Untracked 
| 164|0x0000000714800000, 0x0000000714a00000, 0x0000000714a00000|100%| O|  |TAMS 0x0000000714800000| PB 0x0000000714800000| Untracked 
| 165|0x0000000714a00000, 0x0000000714c00000, 0x0000000714c00000|100%| O|  |TAMS 0x0000000714a00000| PB 0x0000000714a00000| Untracked 
| 166|0x0000000714c00000, 0x0000000714e00000, 0x0000000714e00000|100%| O|  |TAMS 0x0000000714c00000| PB 0x0000000714c00000| Untracked 
| 167|0x0000000714e00000, 0x0000000715000000, 0x0000000715000000|100%| O|Cm|TAMS 0x0000000714e00000| PB 0x0000000714e00000| Complete 
| 168|0x0000000715000000, 0x0000000715200000, 0x0000000715200000|100%| O|  |TAMS 0x0000000715000000| PB 0x0000000715000000| Untracked 
| 169|0x0000000715200000, 0x0000000715200000, 0x0000000715400000|  0%| F|  |TAMS 0x0000000715200000| PB 0x0000000715200000| Untracked 
| 170|0x0000000715400000, 0x0000000715400000, 0x0000000715600000|  0%| F|  |TAMS 0x0000000715400000| PB 0x0000000715400000| Untracked 
| 171|0x0000000715600000, 0x0000000715800000, 0x0000000715800000|100%| O|  |TAMS 0x0000000715600000| PB 0x0000000715600000| Untracked 
| 172|0x0000000715800000, 0x0000000715a00000, 0x0000000715a00000|100%| O|Cm|TAMS 0x0000000715800000| PB 0x0000000715800000| Complete 
| 173|0x0000000715a00000, 0x0000000715a00000, 0x0000000715c00000|  0%| F|  |TAMS 0x0000000715a00000| PB 0x0000000715a00000| Untracked 
| 174|0x0000000715c00000, 0x0000000715e00000, 0x0000000715e00000|100%| O|  |TAMS 0x0000000715c00000| PB 0x0000000715c00000| Untracked 
| 175|0x0000000715e00000, 0x0000000715e00000, 0x0000000716000000|  0%| F|  |TAMS 0x0000000715e00000| PB 0x0000000715e00000| Untracked 
| 176|0x0000000716000000, 0x0000000716200000, 0x0000000716200000|100%| O|Cm|TAMS 0x0000000716000000| PB 0x0000000716000000| Complete 
| 177|0x0000000716200000, 0x0000000716400000, 0x0000000716400000|100%| O|  |TAMS 0x0000000716200000| PB 0x0000000716200000| Untracked 
| 178|0x0000000716400000, 0x0000000716400000, 0x0000000716600000|  0%| F|  |TAMS 0x0000000716400000| PB 0x0000000716400000| Untracked 
| 179|0x0000000716600000, 0x0000000716600000, 0x0000000716800000|  0%| F|  |TAMS 0x0000000716600000| PB 0x0000000716600000| Untracked 
| 180|0x0000000716800000, 0x0000000716800000, 0x0000000716a00000|  0%| F|  |TAMS 0x0000000716800000| PB 0x0000000716800000| Untracked 
| 181|0x0000000716a00000, 0x0000000716a00000, 0x0000000716c00000|  0%| F|  |TAMS 0x0000000716a00000| PB 0x0000000716a00000| Untracked 
| 182|0x0000000716c00000, 0x0000000716c00000, 0x0000000716e00000|  0%| F|  |TAMS 0x0000000716c00000| PB 0x0000000716c00000| Untracked 
| 183|0x0000000716e00000, 0x0000000716e00000, 0x0000000717000000|  0%| F|  |TAMS 0x0000000716e00000| PB 0x0000000716e00000| Untracked 
| 184|0x0000000717000000, 0x0000000717000000, 0x0000000717200000|  0%| F|  |TAMS 0x0000000717000000| PB 0x0000000717000000| Untracked 
| 185|0x0000000717200000, 0x0000000717200000, 0x0000000717400000|  0%| F|  |TAMS 0x0000000717200000| PB 0x0000000717200000| Untracked 
| 186|0x0000000717400000, 0x0000000717400000, 0x0000000717600000|  0%| F|  |TAMS 0x0000000717400000| PB 0x0000000717400000| Untracked 
| 187|0x0000000717600000, 0x0000000717600000, 0x0000000717800000|  0%| F|  |TAMS 0x0000000717600000| PB 0x0000000717600000| Untracked 
| 188|0x0000000717800000, 0x0000000717800000, 0x0000000717a00000|  0%| F|  |TAMS 0x0000000717800000| PB 0x0000000717800000| Untracked 
| 189|0x0000000717a00000, 0x0000000717a00000, 0x0000000717c00000|  0%| F|  |TAMS 0x0000000717a00000| PB 0x0000000717a00000| Untracked 
| 190|0x0000000717c00000, 0x0000000717c00000, 0x0000000717e00000|  0%| F|  |TAMS 0x0000000717c00000| PB 0x0000000717c00000| Untracked 
| 191|0x0000000717e00000, 0x0000000717e00000, 0x0000000718000000|  0%| F|  |TAMS 0x0000000717e00000| PB 0x0000000717e00000| Untracked 
| 192|0x0000000718000000, 0x0000000718000000, 0x0000000718200000|  0%| F|  |TAMS 0x0000000718000000| PB 0x0000000718000000| Untracked 
| 193|0x0000000718200000, 0x0000000718200000, 0x0000000718400000|  0%| F|  |TAMS 0x0000000718200000| PB 0x0000000718200000| Untracked 
| 194|0x0000000718400000, 0x0000000718400000, 0x0000000718600000|  0%| F|  |TAMS 0x0000000718400000| PB 0x0000000718400000| Untracked 
| 195|0x0000000718600000, 0x0000000718600000, 0x0000000718800000|  0%| F|  |TAMS 0x0000000718600000| PB 0x0000000718600000| Untracked 
| 196|0x0000000718800000, 0x0000000718800000, 0x0000000718a00000|  0%| F|  |TAMS 0x0000000718800000| PB 0x0000000718800000| Untracked 
| 197|0x0000000718a00000, 0x0000000718a00000, 0x0000000718c00000|  0%| F|  |TAMS 0x0000000718a00000| PB 0x0000000718a00000| Untracked 
| 198|0x0000000718c00000, 0x0000000718c00000, 0x0000000718e00000|  0%| F|  |TAMS 0x0000000718c00000| PB 0x0000000718c00000| Untracked 
| 199|0x0000000718e00000, 0x0000000718e00000, 0x0000000719000000|  0%| F|  |TAMS 0x0000000718e00000| PB 0x0000000718e00000| Untracked 
| 200|0x0000000719000000, 0x0000000719200000, 0x0000000719200000|100%| O|Cm|TAMS 0x0000000719000000| PB 0x0000000719000000| Complete 
| 201|0x0000000719200000, 0x0000000719200000, 0x0000000719400000|  0%| F|  |TAMS 0x0000000719200000| PB 0x0000000719200000| Untracked 
| 202|0x0000000719400000, 0x0000000719400000, 0x0000000719600000|  0%| F|  |TAMS 0x0000000719400000| PB 0x0000000719400000| Untracked 
| 203|0x0000000719600000, 0x0000000719600000, 0x0000000719800000|  0%| F|  |TAMS 0x0000000719600000| PB 0x0000000719600000| Untracked 
| 204|0x0000000719800000, 0x0000000719800000, 0x0000000719a00000|  0%| F|  |TAMS 0x0000000719800000| PB 0x0000000719800000| Untracked 
| 205|0x0000000719a00000, 0x0000000719a00000, 0x0000000719c00000|  0%| F|  |TAMS 0x0000000719a00000| PB 0x0000000719a00000| Untracked 
| 206|0x0000000719c00000, 0x0000000719c00000, 0x0000000719e00000|  0%| F|  |TAMS 0x0000000719c00000| PB 0x0000000719c00000| Untracked 
| 207|0x0000000719e00000, 0x0000000719e00000, 0x000000071a000000|  0%| F|  |TAMS 0x0000000719e00000| PB 0x0000000719e00000| Untracked 
| 208|0x000000071a000000, 0x000000071a000000, 0x000000071a200000|  0%| F|  |TAMS 0x000000071a000000| PB 0x000000071a000000| Untracked 
| 209|0x000000071a200000, 0x000000071a200000, 0x000000071a400000|  0%| F|  |TAMS 0x000000071a200000| PB 0x000000071a200000| Untracked 
| 210|0x000000071a400000, 0x000000071a400000, 0x000000071a600000|  0%| F|  |TAMS 0x000000071a400000| PB 0x000000071a400000| Untracked 
| 211|0x000000071a600000, 0x000000071a600000, 0x000000071a800000|  0%| F|  |TAMS 0x000000071a600000| PB 0x000000071a600000| Untracked 
| 212|0x000000071a800000, 0x000000071a800000, 0x000000071aa00000|  0%| F|  |TAMS 0x000000071a800000| PB 0x000000071a800000| Untracked 
| 213|0x000000071aa00000, 0x000000071aa00000, 0x000000071ac00000|  0%| F|  |TAMS 0x000000071aa00000| PB 0x000000071aa00000| Untracked 
| 214|0x000000071ac00000, 0x000000071ae00000, 0x000000071ae00000|100%| O|  |TAMS 0x000000071ac00000| PB 0x000000071ac00000| Untracked 
| 215|0x000000071ae00000, 0x000000071b000000, 0x000000071b000000|100%| O|  |TAMS 0x000000071ae00000| PB 0x000000071ae00000| Untracked 
| 216|0x000000071b000000, 0x000000071b200000, 0x000000071b200000|100%| O|  |TAMS 0x000000071b000000| PB 0x000000071b000000| Untracked 
| 217|0x000000071b200000, 0x000000071b200000, 0x000000071b400000|  0%| F|  |TAMS 0x000000071b200000| PB 0x000000071b200000| Untracked 
| 218|0x000000071b400000, 0x000000071b400000, 0x000000071b600000|  0%| F|  |TAMS 0x000000071b400000| PB 0x000000071b400000| Untracked 
| 219|0x000000071b600000, 0x000000071b800000, 0x000000071b800000|100%| O|  |TAMS 0x000000071b600000| PB 0x000000071b600000| Untracked 
| 220|0x000000071b800000, 0x000000071b800000, 0x000000071ba00000|  0%| F|  |TAMS 0x000000071b800000| PB 0x000000071b800000| Untracked 
| 221|0x000000071ba00000, 0x000000071ba00000, 0x000000071bc00000|  0%| F|  |TAMS 0x000000071ba00000| PB 0x000000071ba00000| Untracked 
| 222|0x000000071bc00000, 0x000000071bc00000, 0x000000071be00000|  0%| F|  |TAMS 0x000000071bc00000| PB 0x000000071bc00000| Untracked 
| 223|0x000000071be00000, 0x000000071be00000, 0x000000071c000000|  0%| F|  |TAMS 0x000000071be00000| PB 0x000000071be00000| Untracked 
| 224|0x000000071c000000, 0x000000071c000000, 0x000000071c200000|  0%| F|  |TAMS 0x000000071c000000| PB 0x000000071c000000| Untracked 
| 225|0x000000071c200000, 0x000000071c200000, 0x000000071c400000|  0%| F|  |TAMS 0x000000071c200000| PB 0x000000071c200000| Untracked 
| 226|0x000000071c400000, 0x000000071c400000, 0x000000071c600000|  0%| F|  |TAMS 0x000000071c400000| PB 0x000000071c400000| Untracked 
| 227|0x000000071c600000, 0x000000071c600000, 0x000000071c800000|  0%| F|  |TAMS 0x000000071c600000| PB 0x000000071c600000| Untracked 
| 228|0x000000071c800000, 0x000000071c800000, 0x000000071ca00000|  0%| F|  |TAMS 0x000000071c800000| PB 0x000000071c800000| Untracked 
| 229|0x000000071ca00000, 0x000000071ca00000, 0x000000071cc00000|  0%| F|  |TAMS 0x000000071ca00000| PB 0x000000071ca00000| Untracked 
| 230|0x000000071cc00000, 0x000000071cc00000, 0x000000071ce00000|  0%| F|  |TAMS 0x000000071cc00000| PB 0x000000071cc00000| Untracked 
| 231|0x000000071ce00000, 0x000000071ce00000, 0x000000071d000000|  0%| F|  |TAMS 0x000000071ce00000| PB 0x000000071ce00000| Untracked 
| 232|0x000000071d000000, 0x000000071d000000, 0x000000071d200000|  0%| F|  |TAMS 0x000000071d000000| PB 0x000000071d000000| Untracked 
| 233|0x000000071d200000, 0x000000071d200000, 0x000000071d400000|  0%| F|  |TAMS 0x000000071d200000| PB 0x000000071d200000| Untracked 
| 234|0x000000071d400000, 0x000000071d400000, 0x000000071d600000|  0%| F|  |TAMS 0x000000071d400000| PB 0x000000071d400000| Untracked 
| 235|0x000000071d600000, 0x000000071d600000, 0x000000071d800000|  0%| F|  |TAMS 0x000000071d600000| PB 0x000000071d600000| Untracked 
| 236|0x000000071d800000, 0x000000071d800000, 0x000000071da00000|  0%| F|  |TAMS 0x000000071d800000| PB 0x000000071d800000| Untracked 
| 237|0x000000071da00000, 0x000000071da00000, 0x000000071dc00000|  0%| F|  |TAMS 0x000000071da00000| PB 0x000000071da00000| Untracked 
| 238|0x000000071dc00000, 0x000000071dc00000, 0x000000071de00000|  0%| F|  |TAMS 0x000000071dc00000| PB 0x000000071dc00000| Untracked 
| 239|0x000000071de00000, 0x000000071e000000, 0x000000071e000000|100%| O|  |TAMS 0x000000071de00000| PB 0x000000071de00000| Untracked 
| 240|0x000000071e000000, 0x000000071e200000, 0x000000071e200000|100%| O|  |TAMS 0x000000071e000000| PB 0x000000071e000000| Untracked 
| 241|0x000000071e200000, 0x000000071e400000, 0x000000071e400000|100%| O|  |TAMS 0x000000071e200000| PB 0x000000071e200000| Untracked 
| 242|0x000000071e400000, 0x000000071e600000, 0x000000071e600000|100%| O|  |TAMS 0x000000071e400000| PB 0x000000071e400000| Untracked 
| 243|0x000000071e600000, 0x000000071e800000, 0x000000071e800000|100%| O|  |TAMS 0x000000071e600000| PB 0x000000071e600000| Untracked 
| 244|0x000000071e800000, 0x000000071ea00000, 0x000000071ea00000|100%| O|  |TAMS 0x000000071e800000| PB 0x000000071e800000| Untracked 
| 245|0x000000071ea00000, 0x000000071ec00000, 0x000000071ec00000|100%| O|  |TAMS 0x000000071ea00000| PB 0x000000071ea00000| Untracked 
| 246|0x000000071ec00000, 0x000000071ee00000, 0x000000071ee00000|100%| O|  |TAMS 0x000000071ec00000| PB 0x000000071ec00000| Untracked 
| 247|0x000000071ee00000, 0x000000071f000000, 0x000000071f000000|100%| O|  |TAMS 0x000000071ee00000| PB 0x000000071ee00000| Untracked 
| 248|0x000000071f000000, 0x000000071f200000, 0x000000071f200000|100%| O|  |TAMS 0x000000071f000000| PB 0x000000071f000000| Untracked 
| 249|0x000000071f200000, 0x000000071f400000, 0x000000071f400000|100%| O|  |TAMS 0x000000071f200000| PB 0x000000071f200000| Untracked 
| 250|0x000000071f400000, 0x000000071f600000, 0x000000071f600000|100%| O|  |TAMS 0x000000071f400000| PB 0x000000071f400000| Untracked 
| 251|0x000000071f600000, 0x000000071f800000, 0x000000071f800000|100%| O|  |TAMS 0x000000071f600000| PB 0x000000071f600000| Untracked 
| 252|0x000000071f800000, 0x000000071fa00000, 0x000000071fa00000|100%| O|  |TAMS 0x000000071f800000| PB 0x000000071f800000| Untracked 
| 253|0x000000071fa00000, 0x000000071fc00000, 0x000000071fc00000|100%| O|  |TAMS 0x000000071fa00000| PB 0x000000071fa00000| Untracked 
| 254|0x000000071fc00000, 0x000000071fe00000, 0x000000071fe00000|100%| O|  |TAMS 0x000000071fc00000| PB 0x000000071fc00000| Untracked 
| 255|0x000000071fe00000, 0x0000000720000000, 0x0000000720000000|100%| O|  |TAMS 0x000000071fe00000| PB 0x000000071fe00000| Untracked 
| 256|0x0000000720000000, 0x0000000720200000, 0x0000000720200000|100%| O|  |TAMS 0x0000000720000000| PB 0x0000000720000000| Untracked 
| 257|0x0000000720200000, 0x0000000720400000, 0x0000000720400000|100%| O|  |TAMS 0x0000000720200000| PB 0x0000000720200000| Untracked 
| 258|0x0000000720400000, 0x0000000720400000, 0x0000000720600000|  0%| F|  |TAMS 0x0000000720400000| PB 0x0000000720400000| Untracked 
| 259|0x0000000720600000, 0x0000000720600000, 0x0000000720800000|  0%| F|  |TAMS 0x0000000720600000| PB 0x0000000720600000| Untracked 
| 260|0x0000000720800000, 0x0000000720800000, 0x0000000720a00000|  0%| F|  |TAMS 0x0000000720800000| PB 0x0000000720800000| Untracked 
| 261|0x0000000720a00000, 0x0000000720a00000, 0x0000000720c00000|  0%| F|  |TAMS 0x0000000720a00000| PB 0x0000000720a00000| Untracked 
| 262|0x0000000720c00000, 0x0000000720c00000, 0x0000000720e00000|  0%| F|  |TAMS 0x0000000720c00000| PB 0x0000000720c00000| Untracked 
| 263|0x0000000720e00000, 0x0000000721000000, 0x0000000721000000|100%| O|Cm|TAMS 0x0000000720e00000| PB 0x0000000720e00000| Complete 
| 264|0x0000000721000000, 0x0000000721000000, 0x0000000721200000|  0%| F|  |TAMS 0x0000000721000000| PB 0x0000000721000000| Untracked 
| 265|0x0000000721200000, 0x0000000721200000, 0x0000000721400000|  0%| F|  |TAMS 0x0000000721200000| PB 0x0000000721200000| Untracked 
| 266|0x0000000721400000, 0x0000000721600000, 0x0000000721600000|100%| O|  |TAMS 0x0000000721400000| PB 0x0000000721400000| Untracked 
| 267|0x0000000721600000, 0x0000000721800000, 0x0000000721800000|100%| O|Cm|TAMS 0x0000000721600000| PB 0x0000000721600000| Complete 
| 268|0x0000000721800000, 0x0000000721a00000, 0x0000000721a00000|100%| O|Cm|TAMS 0x0000000721800000| PB 0x0000000721800000| Complete 
| 269|0x0000000721a00000, 0x0000000721a00000, 0x0000000721c00000|  0%| F|  |TAMS 0x0000000721a00000| PB 0x0000000721a00000| Untracked 
| 270|0x0000000721c00000, 0x0000000721e00000, 0x0000000721e00000|100%| O|  |TAMS 0x0000000721c00000| PB 0x0000000721c00000| Untracked 
| 271|0x0000000721e00000, 0x0000000722000000, 0x0000000722000000|100%| O|  |TAMS 0x0000000721e00000| PB 0x0000000721e00000| Untracked 
| 272|0x0000000722000000, 0x0000000722000000, 0x0000000722200000|  0%| F|  |TAMS 0x0000000722000000| PB 0x0000000722000000| Untracked 
| 273|0x0000000722200000, 0x0000000722200000, 0x0000000722400000|  0%| F|  |TAMS 0x0000000722200000| PB 0x0000000722200000| Untracked 
| 274|0x0000000722400000, 0x0000000722400000, 0x0000000722600000|  0%| F|  |TAMS 0x0000000722400000| PB 0x0000000722400000| Untracked 
| 275|0x0000000722600000, 0x0000000722600000, 0x0000000722800000|  0%| F|  |TAMS 0x0000000722600000| PB 0x0000000722600000| Untracked 
| 276|0x0000000722800000, 0x0000000722800000, 0x0000000722a00000|  0%| F|  |TAMS 0x0000000722800000| PB 0x0000000722800000| Untracked 
| 277|0x0000000722a00000, 0x0000000722a00000, 0x0000000722c00000|  0%| F|  |TAMS 0x0000000722a00000| PB 0x0000000722a00000| Untracked 
| 278|0x0000000722c00000, 0x0000000722c00000, 0x0000000722e00000|  0%| F|  |TAMS 0x0000000722c00000| PB 0x0000000722c00000| Untracked 
| 279|0x0000000722e00000, 0x0000000722e00000, 0x0000000723000000|  0%| F|  |TAMS 0x0000000722e00000| PB 0x0000000722e00000| Untracked 
| 280|0x0000000723000000, 0x0000000723000000, 0x0000000723200000|  0%| F|  |TAMS 0x0000000723000000| PB 0x0000000723000000| Untracked 
| 281|0x0000000723200000, 0x0000000723200000, 0x0000000723400000|  0%| F|  |TAMS 0x0000000723200000| PB 0x0000000723200000| Untracked 
| 282|0x0000000723400000, 0x0000000723400000, 0x0000000723600000|  0%| F|  |TAMS 0x0000000723400000| PB 0x0000000723400000| Untracked 
| 283|0x0000000723600000, 0x0000000723600000, 0x0000000723800000|  0%| F|  |TAMS 0x0000000723600000| PB 0x0000000723600000| Untracked 
| 284|0x0000000723800000, 0x0000000723800000, 0x0000000723a00000|  0%| F|  |TAMS 0x0000000723800000| PB 0x0000000723800000| Untracked 
| 285|0x0000000723a00000, 0x0000000723a00000, 0x0000000723c00000|  0%| F|  |TAMS 0x0000000723a00000| PB 0x0000000723a00000| Untracked 
| 286|0x0000000723c00000, 0x0000000723c00000, 0x0000000723e00000|  0%| F|  |TAMS 0x0000000723c00000| PB 0x0000000723c00000| Untracked 
| 287|0x0000000723e00000, 0x0000000723e00000, 0x0000000724000000|  0%| F|  |TAMS 0x0000000723e00000| PB 0x0000000723e00000| Untracked 
| 288|0x0000000724000000, 0x0000000724000000, 0x0000000724200000|  0%| F|  |TAMS 0x0000000724000000| PB 0x0000000724000000| Untracked 
| 289|0x0000000724200000, 0x0000000724200000, 0x0000000724400000|  0%| F|  |TAMS 0x0000000724200000| PB 0x0000000724200000| Untracked 
| 290|0x0000000724400000, 0x0000000724400000, 0x0000000724600000|  0%| F|  |TAMS 0x0000000724400000| PB 0x0000000724400000| Untracked 
| 291|0x0000000724600000, 0x0000000724600000, 0x0000000724800000|  0%| F|  |TAMS 0x0000000724600000| PB 0x0000000724600000| Untracked 
| 292|0x0000000724800000, 0x0000000724800000, 0x0000000724a00000|  0%| F|  |TAMS 0x0000000724800000| PB 0x0000000724800000| Untracked 
| 293|0x0000000724a00000, 0x0000000724a00000, 0x0000000724c00000|  0%| F|  |TAMS 0x0000000724a00000| PB 0x0000000724a00000| Untracked 
| 294|0x0000000724c00000, 0x0000000724c00000, 0x0000000724e00000|  0%| F|  |TAMS 0x0000000724c00000| PB 0x0000000724c00000| Untracked 
| 295|0x0000000724e00000, 0x0000000724e00000, 0x0000000725000000|  0%| F|  |TAMS 0x0000000724e00000| PB 0x0000000724e00000| Untracked 
| 296|0x0000000725000000, 0x0000000725000000, 0x0000000725200000|  0%| F|  |TAMS 0x0000000725000000| PB 0x0000000725000000| Untracked 
| 297|0x0000000725200000, 0x0000000725200000, 0x0000000725400000|  0%| F|  |TAMS 0x0000000725200000| PB 0x0000000725200000| Untracked 
| 298|0x0000000725400000, 0x0000000725400000, 0x0000000725600000|  0%| F|  |TAMS 0x0000000725400000| PB 0x0000000725400000| Untracked 
| 299|0x0000000725600000, 0x0000000725600000, 0x0000000725800000|  0%| F|  |TAMS 0x0000000725600000| PB 0x0000000725600000| Untracked 
| 300|0x0000000725800000, 0x0000000725800000, 0x0000000725a00000|  0%| F|  |TAMS 0x0000000725800000| PB 0x0000000725800000| Untracked 
| 301|0x0000000725a00000, 0x0000000725a00000, 0x0000000725c00000|  0%| F|  |TAMS 0x0000000725a00000| PB 0x0000000725a00000| Untracked 
| 302|0x0000000725c00000, 0x0000000725c00000, 0x0000000725e00000|  0%| F|  |TAMS 0x0000000725c00000| PB 0x0000000725c00000| Untracked 
| 303|0x0000000725e00000, 0x0000000725e00000, 0x0000000726000000|  0%| F|  |TAMS 0x0000000725e00000| PB 0x0000000725e00000| Untracked 
| 304|0x0000000726000000, 0x0000000726000000, 0x0000000726200000|  0%| F|  |TAMS 0x0000000726000000| PB 0x0000000726000000| Untracked 
| 305|0x0000000726200000, 0x0000000726200000, 0x0000000726400000|  0%| F|  |TAMS 0x0000000726200000| PB 0x0000000726200000| Untracked 
| 306|0x0000000726400000, 0x0000000726400000, 0x0000000726600000|  0%| F|  |TAMS 0x0000000726400000| PB 0x0000000726400000| Untracked 
| 307|0x0000000726600000, 0x0000000726600000, 0x0000000726800000|  0%| F|  |TAMS 0x0000000726600000| PB 0x0000000726600000| Untracked 
| 308|0x0000000726800000, 0x0000000726800000, 0x0000000726a00000|  0%| F|  |TAMS 0x0000000726800000| PB 0x0000000726800000| Untracked 
| 309|0x0000000726a00000, 0x0000000726a00000, 0x0000000726c00000|  0%| F|  |TAMS 0x0000000726a00000| PB 0x0000000726a00000| Untracked 
| 310|0x0000000726c00000, 0x0000000726c00000, 0x0000000726e00000|  0%| F|  |TAMS 0x0000000726c00000| PB 0x0000000726c00000| Untracked 
| 311|0x0000000726e00000, 0x0000000726e00000, 0x0000000727000000|  0%| F|  |TAMS 0x0000000726e00000| PB 0x0000000726e00000| Untracked 
| 312|0x0000000727000000, 0x0000000727000000, 0x0000000727200000|  0%| F|  |TAMS 0x0000000727000000| PB 0x0000000727000000| Untracked 
| 313|0x0000000727200000, 0x0000000727200000, 0x0000000727400000|  0%| F|  |TAMS 0x0000000727200000| PB 0x0000000727200000| Untracked 
| 314|0x0000000727400000, 0x0000000727400000, 0x0000000727600000|  0%| F|  |TAMS 0x0000000727400000| PB 0x0000000727400000| Untracked 
| 315|0x0000000727600000, 0x0000000727600000, 0x0000000727800000|  0%| F|  |TAMS 0x0000000727600000| PB 0x0000000727600000| Untracked 
| 316|0x0000000727800000, 0x0000000727800000, 0x0000000727a00000|  0%| F|  |TAMS 0x0000000727800000| PB 0x0000000727800000| Untracked 
| 317|0x0000000727a00000, 0x0000000727a00000, 0x0000000727c00000|  0%| F|  |TAMS 0x0000000727a00000| PB 0x0000000727a00000| Untracked 
| 318|0x0000000727c00000, 0x0000000727c00000, 0x0000000727e00000|  0%| F|  |TAMS 0x0000000727c00000| PB 0x0000000727c00000| Untracked 
| 319|0x0000000727e00000, 0x0000000727e00000, 0x0000000728000000|  0%| F|  |TAMS 0x0000000727e00000| PB 0x0000000727e00000| Untracked 
| 320|0x0000000728000000, 0x0000000728000000, 0x0000000728200000|  0%| F|  |TAMS 0x0000000728000000| PB 0x0000000728000000| Untracked 
| 321|0x0000000728200000, 0x0000000728200000, 0x0000000728400000|  0%| F|  |TAMS 0x0000000728200000| PB 0x0000000728200000| Untracked 
| 322|0x0000000728400000, 0x0000000728400000, 0x0000000728600000|  0%| F|  |TAMS 0x0000000728400000| PB 0x0000000728400000| Untracked 
| 323|0x0000000728600000, 0x0000000728600000, 0x0000000728800000|  0%| F|  |TAMS 0x0000000728600000| PB 0x0000000728600000| Untracked 
| 324|0x0000000728800000, 0x0000000728800000, 0x0000000728a00000|  0%| F|  |TAMS 0x0000000728800000| PB 0x0000000728800000| Untracked 
| 325|0x0000000728a00000, 0x0000000728a00000, 0x0000000728c00000|  0%| F|  |TAMS 0x0000000728a00000| PB 0x0000000728a00000| Untracked 
| 326|0x0000000728c00000, 0x0000000728c00000, 0x0000000728e00000|  0%| F|  |TAMS 0x0000000728c00000| PB 0x0000000728c00000| Untracked 
| 327|0x0000000728e00000, 0x0000000728e00000, 0x0000000729000000|  0%| F|  |TAMS 0x0000000728e00000| PB 0x0000000728e00000| Untracked 
| 328|0x0000000729000000, 0x0000000729000000, 0x0000000729200000|  0%| F|  |TAMS 0x0000000729000000| PB 0x0000000729000000| Untracked 
| 329|0x0000000729200000, 0x0000000729200000, 0x0000000729400000|  0%| F|  |TAMS 0x0000000729200000| PB 0x0000000729200000| Untracked 
| 330|0x0000000729400000, 0x0000000729400000, 0x0000000729600000|  0%| F|  |TAMS 0x0000000729400000| PB 0x0000000729400000| Untracked 
| 331|0x0000000729600000, 0x0000000729600000, 0x0000000729800000|  0%| F|  |TAMS 0x0000000729600000| PB 0x0000000729600000| Untracked 
| 332|0x0000000729800000, 0x0000000729800000, 0x0000000729a00000|  0%| F|  |TAMS 0x0000000729800000| PB 0x0000000729800000| Untracked 
| 333|0x0000000729a00000, 0x0000000729a00000, 0x0000000729c00000|  0%| F|  |TAMS 0x0000000729a00000| PB 0x0000000729a00000| Untracked 
| 334|0x0000000729c00000, 0x0000000729c00000, 0x0000000729e00000|  0%| F|  |TAMS 0x0000000729c00000| PB 0x0000000729c00000| Untracked 
| 335|0x0000000729e00000, 0x0000000729e00000, 0x000000072a000000|  0%| F|  |TAMS 0x0000000729e00000| PB 0x0000000729e00000| Untracked 
| 336|0x000000072a000000, 0x000000072a000000, 0x000000072a200000|  0%| F|  |TAMS 0x000000072a000000| PB 0x000000072a000000| Untracked 
| 337|0x000000072a200000, 0x000000072a200000, 0x000000072a400000|  0%| F|  |TAMS 0x000000072a200000| PB 0x000000072a200000| Untracked 
| 338|0x000000072a400000, 0x000000072a400000, 0x000000072a600000|  0%| F|  |TAMS 0x000000072a400000| PB 0x000000072a400000| Untracked 
| 339|0x000000072a600000, 0x000000072a600000, 0x000000072a800000|  0%| F|  |TAMS 0x000000072a600000| PB 0x000000072a600000| Untracked 
| 340|0x000000072a800000, 0x000000072a800000, 0x000000072aa00000|  0%| F|  |TAMS 0x000000072a800000| PB 0x000000072a800000| Untracked 
| 341|0x000000072aa00000, 0x000000072aa00000, 0x000000072ac00000|  0%| F|  |TAMS 0x000000072aa00000| PB 0x000000072aa00000| Untracked 
| 342|0x000000072ac00000, 0x000000072ac00000, 0x000000072ae00000|  0%| F|  |TAMS 0x000000072ac00000| PB 0x000000072ac00000| Untracked 
| 343|0x000000072ae00000, 0x000000072ae00000, 0x000000072b000000|  0%| F|  |TAMS 0x000000072ae00000| PB 0x000000072ae00000| Untracked 
| 344|0x000000072b000000, 0x000000072b000000, 0x000000072b200000|  0%| F|  |TAMS 0x000000072b000000| PB 0x000000072b000000| Untracked 
| 345|0x000000072b200000, 0x000000072b200000, 0x000000072b400000|  0%| F|  |TAMS 0x000000072b200000| PB 0x000000072b200000| Untracked 
| 346|0x000000072b400000, 0x000000072b400000, 0x000000072b600000|  0%| F|  |TAMS 0x000000072b400000| PB 0x000000072b400000| Untracked 
| 347|0x000000072b600000, 0x000000072b600000, 0x000000072b800000|  0%| F|  |TAMS 0x000000072b600000| PB 0x000000072b600000| Untracked 
| 348|0x000000072b800000, 0x000000072b800000, 0x000000072ba00000|  0%| F|  |TAMS 0x000000072b800000| PB 0x000000072b800000| Untracked 
| 349|0x000000072ba00000, 0x000000072ba00000, 0x000000072bc00000|  0%| F|  |TAMS 0x000000072ba00000| PB 0x000000072ba00000| Untracked 
| 350|0x000000072bc00000, 0x000000072bc00000, 0x000000072be00000|  0%| F|  |TAMS 0x000000072bc00000| PB 0x000000072bc00000| Untracked 
| 351|0x000000072be00000, 0x000000072be00000, 0x000000072c000000|  0%| F|  |TAMS 0x000000072be00000| PB 0x000000072be00000| Untracked 
| 352|0x000000072c000000, 0x000000072c000000, 0x000000072c200000|  0%| F|  |TAMS 0x000000072c000000| PB 0x000000072c000000| Untracked 
| 353|0x000000072c200000, 0x000000072c200000, 0x000000072c400000|  0%| F|  |TAMS 0x000000072c200000| PB 0x000000072c200000| Untracked 
| 354|0x000000072c400000, 0x000000072c400000, 0x000000072c600000|  0%| F|  |TAMS 0x000000072c400000| PB 0x000000072c400000| Untracked 
| 355|0x000000072c600000, 0x000000072c600000, 0x000000072c800000|  0%| F|  |TAMS 0x000000072c600000| PB 0x000000072c600000| Untracked 
| 356|0x000000072c800000, 0x000000072c800000, 0x000000072ca00000|  0%| F|  |TAMS 0x000000072c800000| PB 0x000000072c800000| Untracked 
| 357|0x000000072ca00000, 0x000000072ca00000, 0x000000072cc00000|  0%| F|  |TAMS 0x000000072ca00000| PB 0x000000072ca00000| Untracked 
| 358|0x000000072cc00000, 0x000000072cc00000, 0x000000072ce00000|  0%| F|  |TAMS 0x000000072cc00000| PB 0x000000072cc00000| Untracked 
| 359|0x000000072ce00000, 0x000000072ce00000, 0x000000072d000000|  0%| F|  |TAMS 0x000000072ce00000| PB 0x000000072ce00000| Untracked 
| 360|0x000000072d000000, 0x000000072d000000, 0x000000072d200000|  0%| F|  |TAMS 0x000000072d000000| PB 0x000000072d000000| Untracked 
| 361|0x000000072d200000, 0x000000072d200000, 0x000000072d400000|  0%| F|  |TAMS 0x000000072d200000| PB 0x000000072d200000| Untracked 
| 362|0x000000072d400000, 0x000000072d400000, 0x000000072d600000|  0%| F|  |TAMS 0x000000072d400000| PB 0x000000072d400000| Untracked 
| 363|0x000000072d600000, 0x000000072d600000, 0x000000072d800000|  0%| F|  |TAMS 0x000000072d600000| PB 0x000000072d600000| Untracked 
| 364|0x000000072d800000, 0x000000072d800000, 0x000000072da00000|  0%| F|  |TAMS 0x000000072d800000| PB 0x000000072d800000| Untracked 
| 365|0x000000072da00000, 0x000000072da00000, 0x000000072dc00000|  0%| F|  |TAMS 0x000000072da00000| PB 0x000000072da00000| Untracked 
| 366|0x000000072dc00000, 0x000000072dc00000, 0x000000072de00000|  0%| F|  |TAMS 0x000000072dc00000| PB 0x000000072dc00000| Untracked 
| 367|0x000000072de00000, 0x000000072de00000, 0x000000072e000000|  0%| F|  |TAMS 0x000000072de00000| PB 0x000000072de00000| Untracked 
| 368|0x000000072e000000, 0x000000072e000000, 0x000000072e200000|  0%| F|  |TAMS 0x000000072e000000| PB 0x000000072e000000| Untracked 
| 369|0x000000072e200000, 0x000000072e200000, 0x000000072e400000|  0%| F|  |TAMS 0x000000072e200000| PB 0x000000072e200000| Untracked 
| 370|0x000000072e400000, 0x000000072e400000, 0x000000072e600000|  0%| F|  |TAMS 0x000000072e400000| PB 0x000000072e400000| Untracked 
| 371|0x000000072e600000, 0x000000072e600000, 0x000000072e800000|  0%| F|  |TAMS 0x000000072e600000| PB 0x000000072e600000| Untracked 
| 372|0x000000072e800000, 0x000000072e800000, 0x000000072ea00000|  0%| F|  |TAMS 0x000000072e800000| PB 0x000000072e800000| Untracked 
| 373|0x000000072ea00000, 0x000000072ea00000, 0x000000072ec00000|  0%| F|  |TAMS 0x000000072ea00000| PB 0x000000072ea00000| Untracked 
| 374|0x000000072ec00000, 0x000000072ec00000, 0x000000072ee00000|  0%| F|  |TAMS 0x000000072ec00000| PB 0x000000072ec00000| Untracked 
| 375|0x000000072ee00000, 0x000000072ee00000, 0x000000072f000000|  0%| F|  |TAMS 0x000000072ee00000| PB 0x000000072ee00000| Untracked 
| 376|0x000000072f000000, 0x000000072f000000, 0x000000072f200000|  0%| F|  |TAMS 0x000000072f000000| PB 0x000000072f000000| Untracked 
| 377|0x000000072f200000, 0x000000072f200000, 0x000000072f400000|  0%| F|  |TAMS 0x000000072f200000| PB 0x000000072f200000| Untracked 
| 378|0x000000072f400000, 0x000000072f400000, 0x000000072f600000|  0%| F|  |TAMS 0x000000072f400000| PB 0x000000072f400000| Untracked 
| 379|0x000000072f600000, 0x000000072f600000, 0x000000072f800000|  0%| F|  |TAMS 0x000000072f600000| PB 0x000000072f600000| Untracked 
| 380|0x000000072f800000, 0x000000072f800000, 0x000000072fa00000|  0%| F|  |TAMS 0x000000072f800000| PB 0x000000072f800000| Untracked 
| 381|0x000000072fa00000, 0x000000072fa00000, 0x000000072fc00000|  0%| F|  |TAMS 0x000000072fa00000| PB 0x000000072fa00000| Untracked 
| 382|0x000000072fc00000, 0x000000072fc00000, 0x000000072fe00000|  0%| F|  |TAMS 0x000000072fc00000| PB 0x000000072fc00000| Untracked 
| 383|0x000000072fe00000, 0x000000072fe00000, 0x0000000730000000|  0%| F|  |TAMS 0x000000072fe00000| PB 0x000000072fe00000| Untracked 
| 384|0x0000000730000000, 0x0000000730000000, 0x0000000730200000|  0%| F|  |TAMS 0x0000000730000000| PB 0x0000000730000000| Untracked 
| 385|0x0000000730200000, 0x0000000730200000, 0x0000000730400000|  0%| F|  |TAMS 0x0000000730200000| PB 0x0000000730200000| Untracked 
| 386|0x0000000730400000, 0x0000000730400000, 0x0000000730600000|  0%| F|  |TAMS 0x0000000730400000| PB 0x0000000730400000| Untracked 
| 387|0x0000000730600000, 0x0000000730600000, 0x0000000730800000|  0%| F|  |TAMS 0x0000000730600000| PB 0x0000000730600000| Untracked 
| 388|0x0000000730800000, 0x0000000730800000, 0x0000000730a00000|  0%| F|  |TAMS 0x0000000730800000| PB 0x0000000730800000| Untracked 
| 389|0x0000000730a00000, 0x0000000730a00000, 0x0000000730c00000|  0%| F|  |TAMS 0x0000000730a00000| PB 0x0000000730a00000| Untracked 
| 390|0x0000000730c00000, 0x0000000730c00000, 0x0000000730e00000|  0%| F|  |TAMS 0x0000000730c00000| PB 0x0000000730c00000| Untracked 
| 391|0x0000000730e00000, 0x0000000730e00000, 0x0000000731000000|  0%| F|  |TAMS 0x0000000730e00000| PB 0x0000000730e00000| Untracked 
| 392|0x0000000731000000, 0x0000000731000000, 0x0000000731200000|  0%| F|  |TAMS 0x0000000731000000| PB 0x0000000731000000| Untracked 
| 393|0x0000000731200000, 0x0000000731200000, 0x0000000731400000|  0%| F|  |TAMS 0x0000000731200000| PB 0x0000000731200000| Untracked 
| 394|0x0000000731400000, 0x0000000731400000, 0x0000000731600000|  0%| F|  |TAMS 0x0000000731400000| PB 0x0000000731400000| Untracked 
| 395|0x0000000731600000, 0x0000000731600000, 0x0000000731800000|  0%| F|  |TAMS 0x0000000731600000| PB 0x0000000731600000| Untracked 
| 396|0x0000000731800000, 0x0000000731800000, 0x0000000731a00000|  0%| F|  |TAMS 0x0000000731800000| PB 0x0000000731800000| Untracked 
| 397|0x0000000731a00000, 0x0000000731a00000, 0x0000000731c00000|  0%| F|  |TAMS 0x0000000731a00000| PB 0x0000000731a00000| Untracked 
| 398|0x0000000731c00000, 0x0000000731c00000, 0x0000000731e00000|  0%| F|  |TAMS 0x0000000731c00000| PB 0x0000000731c00000| Untracked 
| 399|0x0000000731e00000, 0x0000000731e00000, 0x0000000732000000|  0%| F|  |TAMS 0x0000000731e00000| PB 0x0000000731e00000| Untracked 
| 400|0x0000000732000000, 0x0000000732000000, 0x0000000732200000|  0%| F|  |TAMS 0x0000000732000000| PB 0x0000000732000000| Untracked 
| 401|0x0000000732200000, 0x0000000732200000, 0x0000000732400000|  0%| F|  |TAMS 0x0000000732200000| PB 0x0000000732200000| Untracked 
| 402|0x0000000732400000, 0x0000000732400000, 0x0000000732600000|  0%| F|  |TAMS 0x0000000732400000| PB 0x0000000732400000| Untracked 
| 403|0x0000000732600000, 0x0000000732600000, 0x0000000732800000|  0%| F|  |TAMS 0x0000000732600000| PB 0x0000000732600000| Untracked 
| 404|0x0000000732800000, 0x0000000732800000, 0x0000000732a00000|  0%| F|  |TAMS 0x0000000732800000| PB 0x0000000732800000| Untracked 
| 405|0x0000000732a00000, 0x0000000732a00000, 0x0000000732c00000|  0%| F|  |TAMS 0x0000000732a00000| PB 0x0000000732a00000| Untracked 
| 406|0x0000000732c00000, 0x0000000732c00000, 0x0000000732e00000|  0%| F|  |TAMS 0x0000000732c00000| PB 0x0000000732c00000| Untracked 
| 407|0x0000000732e00000, 0x0000000732e00000, 0x0000000733000000|  0%| F|  |TAMS 0x0000000732e00000| PB 0x0000000732e00000| Untracked 
| 408|0x0000000733000000, 0x0000000733000000, 0x0000000733200000|  0%| F|  |TAMS 0x0000000733000000| PB 0x0000000733000000| Untracked 
| 409|0x0000000733200000, 0x0000000733200000, 0x0000000733400000|  0%| F|  |TAMS 0x0000000733200000| PB 0x0000000733200000| Untracked 
| 410|0x0000000733400000, 0x0000000733400000, 0x0000000733600000|  0%| F|  |TAMS 0x0000000733400000| PB 0x0000000733400000| Untracked 
| 411|0x0000000733600000, 0x0000000733600000, 0x0000000733800000|  0%| F|  |TAMS 0x0000000733600000| PB 0x0000000733600000| Untracked 
| 412|0x0000000733800000, 0x0000000733800000, 0x0000000733a00000|  0%| F|  |TAMS 0x0000000733800000| PB 0x0000000733800000| Untracked 
| 413|0x0000000733a00000, 0x0000000733a00000, 0x0000000733c00000|  0%| F|  |TAMS 0x0000000733a00000| PB 0x0000000733a00000| Untracked 
| 414|0x0000000733c00000, 0x0000000733c00000, 0x0000000733e00000|  0%| F|  |TAMS 0x0000000733c00000| PB 0x0000000733c00000| Untracked 
| 415|0x0000000733e00000, 0x0000000733e00000, 0x0000000734000000|  0%| F|  |TAMS 0x0000000733e00000| PB 0x0000000733e00000| Untracked 
| 416|0x0000000734000000, 0x0000000734000000, 0x0000000734200000|  0%| F|  |TAMS 0x0000000734000000| PB 0x0000000734000000| Untracked 
| 417|0x0000000734200000, 0x0000000734200000, 0x0000000734400000|  0%| F|  |TAMS 0x0000000734200000| PB 0x0000000734200000| Untracked 
| 418|0x0000000734400000, 0x0000000734400000, 0x0000000734600000|  0%| F|  |TAMS 0x0000000734400000| PB 0x0000000734400000| Untracked 
| 419|0x0000000734600000, 0x0000000734600000, 0x0000000734800000|  0%| F|  |TAMS 0x0000000734600000| PB 0x0000000734600000| Untracked 
| 420|0x0000000734800000, 0x0000000734800000, 0x0000000734a00000|  0%| F|  |TAMS 0x0000000734800000| PB 0x0000000734800000| Untracked 
| 421|0x0000000734a00000, 0x0000000734a00000, 0x0000000734c00000|  0%| F|  |TAMS 0x0000000734a00000| PB 0x0000000734a00000| Untracked 
| 422|0x0000000734c00000, 0x0000000734c00000, 0x0000000734e00000|  0%| F|  |TAMS 0x0000000734c00000| PB 0x0000000734c00000| Untracked 
| 423|0x0000000734e00000, 0x0000000734e00000, 0x0000000735000000|  0%| F|  |TAMS 0x0000000734e00000| PB 0x0000000734e00000| Untracked 
| 424|0x0000000735000000, 0x0000000735000000, 0x0000000735200000|  0%| F|  |TAMS 0x0000000735000000| PB 0x0000000735000000| Untracked 
| 425|0x0000000735200000, 0x0000000735200000, 0x0000000735400000|  0%| F|  |TAMS 0x0000000735200000| PB 0x0000000735200000| Untracked 
| 426|0x0000000735400000, 0x0000000735400000, 0x0000000735600000|  0%| F|  |TAMS 0x0000000735400000| PB 0x0000000735400000| Untracked 
| 427|0x0000000735600000, 0x0000000735600000, 0x0000000735800000|  0%| F|  |TAMS 0x0000000735600000| PB 0x0000000735600000| Untracked 
| 428|0x0000000735800000, 0x0000000735800000, 0x0000000735a00000|  0%| F|  |TAMS 0x0000000735800000| PB 0x0000000735800000| Untracked 
| 429|0x0000000735a00000, 0x0000000735a00000, 0x0000000735c00000|  0%| F|  |TAMS 0x0000000735a00000| PB 0x0000000735a00000| Untracked 
| 430|0x0000000735c00000, 0x0000000735c00000, 0x0000000735e00000|  0%| F|  |TAMS 0x0000000735c00000| PB 0x0000000735c00000| Untracked 
| 431|0x0000000735e00000, 0x0000000735e00000, 0x0000000736000000|  0%| F|  |TAMS 0x0000000735e00000| PB 0x0000000735e00000| Untracked 
| 432|0x0000000736000000, 0x0000000736000000, 0x0000000736200000|  0%| F|  |TAMS 0x0000000736000000| PB 0x0000000736000000| Untracked 
| 433|0x0000000736200000, 0x0000000736200000, 0x0000000736400000|  0%| F|  |TAMS 0x0000000736200000| PB 0x0000000736200000| Untracked 
| 434|0x0000000736400000, 0x0000000736400000, 0x0000000736600000|  0%| F|  |TAMS 0x0000000736400000| PB 0x0000000736400000| Untracked 
| 435|0x0000000736600000, 0x0000000736600000, 0x0000000736800000|  0%| F|  |TAMS 0x0000000736600000| PB 0x0000000736600000| Untracked 
| 436|0x0000000736800000, 0x0000000736800000, 0x0000000736a00000|  0%| F|  |TAMS 0x0000000736800000| PB 0x0000000736800000| Untracked 
| 437|0x0000000736a00000, 0x0000000736a00000, 0x0000000736c00000|  0%| F|  |TAMS 0x0000000736a00000| PB 0x0000000736a00000| Untracked 
| 438|0x0000000736c00000, 0x0000000736c00000, 0x0000000736e00000|  0%| F|  |TAMS 0x0000000736c00000| PB 0x0000000736c00000| Untracked 
| 439|0x0000000736e00000, 0x0000000736e00000, 0x0000000737000000|  0%| F|  |TAMS 0x0000000736e00000| PB 0x0000000736e00000| Untracked 
| 440|0x0000000737000000, 0x0000000737000000, 0x0000000737200000|  0%| F|  |TAMS 0x0000000737000000| PB 0x0000000737000000| Untracked 
| 441|0x0000000737200000, 0x0000000737200000, 0x0000000737400000|  0%| F|  |TAMS 0x0000000737200000| PB 0x0000000737200000| Untracked 
| 442|0x0000000737400000, 0x0000000737400000, 0x0000000737600000|  0%| F|  |TAMS 0x0000000737400000| PB 0x0000000737400000| Untracked 
| 443|0x0000000737600000, 0x0000000737600000, 0x0000000737800000|  0%| F|  |TAMS 0x0000000737600000| PB 0x0000000737600000| Untracked 
| 444|0x0000000737800000, 0x0000000737800000, 0x0000000737a00000|  0%| F|  |TAMS 0x0000000737800000| PB 0x0000000737800000| Untracked 
| 445|0x0000000737a00000, 0x0000000737a00000, 0x0000000737c00000|  0%| F|  |TAMS 0x0000000737a00000| PB 0x0000000737a00000| Untracked 
| 446|0x0000000737c00000, 0x0000000737c00000, 0x0000000737e00000|  0%| F|  |TAMS 0x0000000737c00000| PB 0x0000000737c00000| Untracked 
| 447|0x0000000737e00000, 0x0000000737e00000, 0x0000000738000000|  0%| F|  |TAMS 0x0000000737e00000| PB 0x0000000737e00000| Untracked 
| 448|0x0000000738000000, 0x0000000738000000, 0x0000000738200000|  0%| F|  |TAMS 0x0000000738000000| PB 0x0000000738000000| Untracked 
| 449|0x0000000738200000, 0x0000000738200000, 0x0000000738400000|  0%| F|  |TAMS 0x0000000738200000| PB 0x0000000738200000| Untracked 
| 450|0x0000000738400000, 0x0000000738400000, 0x0000000738600000|  0%| F|  |TAMS 0x0000000738400000| PB 0x0000000738400000| Untracked 
| 451|0x0000000738600000, 0x0000000738600000, 0x0000000738800000|  0%| F|  |TAMS 0x0000000738600000| PB 0x0000000738600000| Untracked 
| 452|0x0000000738800000, 0x0000000738800000, 0x0000000738a00000|  0%| F|  |TAMS 0x0000000738800000| PB 0x0000000738800000| Untracked 
| 453|0x0000000738a00000, 0x0000000738a00000, 0x0000000738c00000|  0%| F|  |TAMS 0x0000000738a00000| PB 0x0000000738a00000| Untracked 
| 454|0x0000000738c00000, 0x0000000738c00000, 0x0000000738e00000|  0%| F|  |TAMS 0x0000000738c00000| PB 0x0000000738c00000| Untracked 
| 455|0x0000000738e00000, 0x0000000738e00000, 0x0000000739000000|  0%| F|  |TAMS 0x0000000738e00000| PB 0x0000000738e00000| Untracked 
| 456|0x0000000739000000, 0x0000000739000000, 0x0000000739200000|  0%| F|  |TAMS 0x0000000739000000| PB 0x0000000739000000| Untracked 
| 457|0x0000000739200000, 0x0000000739200000, 0x0000000739400000|  0%| F|  |TAMS 0x0000000739200000| PB 0x0000000739200000| Untracked 
| 458|0x0000000739400000, 0x0000000739400000, 0x0000000739600000|  0%| F|  |TAMS 0x0000000739400000| PB 0x0000000739400000| Untracked 
|1977|0x00000007f7200000, 0x00000007f7200000, 0x00000007f7400000|  0%| F|  |TAMS 0x00000007f7200000| PB 0x00000007f7200000| Untracked 
|1978|0x00000007f7400000, 0x00000007f7400000, 0x00000007f7600000|  0%| F|  |TAMS 0x00000007f7400000| PB 0x00000007f7400000| Untracked 
|1979|0x00000007f7600000, 0x00000007f7600000, 0x00000007f7800000|  0%| F|  |TAMS 0x00000007f7600000| PB 0x00000007f7600000| Untracked 
|1980|0x00000007f7800000, 0x00000007f7800000, 0x00000007f7a00000|  0%| F|  |TAMS 0x00000007f7800000| PB 0x00000007f7800000| Untracked 
|1981|0x00000007f7a00000, 0x00000007f7a00000, 0x00000007f7c00000|  0%| F|  |TAMS 0x00000007f7a00000| PB 0x00000007f7a00000| Untracked 
|1982|0x00000007f7c00000, 0x00000007f7c00000, 0x00000007f7e00000|  0%| F|  |TAMS 0x00000007f7c00000| PB 0x00000007f7c00000| Untracked 
|1983|0x00000007f7e00000, 0x00000007f7e00000, 0x00000007f8000000|  0%| F|  |TAMS 0x00000007f7e00000| PB 0x00000007f7e00000| Untracked 
|1984|0x00000007f8000000, 0x00000007f8000000, 0x00000007f8200000|  0%| F|  |TAMS 0x00000007f8000000| PB 0x00000007f8000000| Untracked 
|1985|0x00000007f8200000, 0x00000007f8200000, 0x00000007f8400000|  0%| F|  |TAMS 0x00000007f8200000| PB 0x00000007f8200000| Untracked 
|1986|0x00000007f8400000, 0x00000007f8400000, 0x00000007f8600000|  0%| F|  |TAMS 0x00000007f8400000| PB 0x00000007f8400000| Untracked 
|1987|0x00000007f8600000, 0x00000007f8600000, 0x00000007f8800000|  0%| F|  |TAMS 0x00000007f8600000| PB 0x00000007f8600000| Untracked 
|1988|0x00000007f8800000, 0x00000007f8800000, 0x00000007f8a00000|  0%| F|  |TAMS 0x00000007f8800000| PB 0x00000007f8800000| Untracked 
|1989|0x00000007f8a00000, 0x00000007f8a00000, 0x00000007f8c00000|  0%| F|  |TAMS 0x00000007f8a00000| PB 0x00000007f8a00000| Untracked 
|1990|0x00000007f8c00000, 0x00000007f8c00000, 0x00000007f8e00000|  0%| F|  |TAMS 0x00000007f8c00000| PB 0x00000007f8c00000| Untracked 
|1991|0x00000007f8e00000, 0x00000007f8e00000, 0x00000007f9000000|  0%| F|  |TAMS 0x00000007f8e00000| PB 0x00000007f8e00000| Untracked 
|1992|0x00000007f9000000, 0x00000007f9000000, 0x00000007f9200000|  0%| F|  |TAMS 0x00000007f9000000| PB 0x00000007f9000000| Untracked 
|1993|0x00000007f9200000, 0x00000007f9200000, 0x00000007f9400000|  0%| F|  |TAMS 0x00000007f9200000| PB 0x00000007f9200000| Untracked 
|1994|0x00000007f9400000, 0x00000007f9400000, 0x00000007f9600000|  0%| F|  |TAMS 0x00000007f9400000| PB 0x00000007f9400000| Untracked 
|1995|0x00000007f9600000, 0x00000007f9600000, 0x00000007f9800000|  0%| F|  |TAMS 0x00000007f9600000| PB 0x00000007f9600000| Untracked 
|1996|0x00000007f9800000, 0x00000007f9800000, 0x00000007f9a00000|  0%| F|  |TAMS 0x00000007f9800000| PB 0x00000007f9800000| Untracked 
|1997|0x00000007f9a00000, 0x00000007f9a00000, 0x00000007f9c00000|  0%| F|  |TAMS 0x00000007f9a00000| PB 0x00000007f9a00000| Untracked 
|1998|0x00000007f9c00000, 0x00000007f9c00000, 0x00000007f9e00000|  0%| F|  |TAMS 0x00000007f9c00000| PB 0x00000007f9c00000| Untracked 
|1999|0x00000007f9e00000, 0x00000007f9e00000, 0x00000007fa000000|  0%| F|  |TAMS 0x00000007f9e00000| PB 0x00000007f9e00000| Untracked 
|2000|0x00000007fa000000, 0x00000007fa000000, 0x00000007fa200000|  0%| F|  |TAMS 0x00000007fa000000| PB 0x00000007fa000000| Untracked 
|2001|0x00000007fa200000, 0x00000007fa200000, 0x00000007fa400000|  0%| F|  |TAMS 0x00000007fa200000| PB 0x00000007fa200000| Untracked 
|2002|0x00000007fa400000, 0x00000007fa400000, 0x00000007fa600000|  0%| F|  |TAMS 0x00000007fa400000| PB 0x00000007fa400000| Untracked 
|2003|0x00000007fa600000, 0x00000007fa600000, 0x00000007fa800000|  0%| F|  |TAMS 0x00000007fa600000| PB 0x00000007fa600000| Untracked 
|2004|0x00000007fa800000, 0x00000007fa800000, 0x00000007faa00000|  0%| F|  |TAMS 0x00000007fa800000| PB 0x00000007fa800000| Untracked 
|2005|0x00000007faa00000, 0x00000007faa00000, 0x00000007fac00000|  0%| F|  |TAMS 0x00000007faa00000| PB 0x00000007faa00000| Untracked 
|2006|0x00000007fac00000, 0x00000007fac00000, 0x00000007fae00000|  0%| F|  |TAMS 0x00000007fac00000| PB 0x00000007fac00000| Untracked 
|2007|0x00000007fae00000, 0x00000007fae00000, 0x00000007fb000000|  0%| F|  |TAMS 0x00000007fae00000| PB 0x00000007fae00000| Untracked 
|2008|0x00000007fb000000, 0x00000007fb000000, 0x00000007fb200000|  0%| F|  |TAMS 0x00000007fb000000| PB 0x00000007fb000000| Untracked 
|2009|0x00000007fb200000, 0x00000007fb200000, 0x00000007fb400000|  0%| F|  |TAMS 0x00000007fb200000| PB 0x00000007fb200000| Untracked 
|2010|0x00000007fb400000, 0x00000007fb400000, 0x00000007fb600000|  0%| F|  |TAMS 0x00000007fb400000| PB 0x00000007fb400000| Untracked 
|2011|0x00000007fb600000, 0x00000007fb600000, 0x00000007fb800000|  0%| F|  |TAMS 0x00000007fb600000| PB 0x00000007fb600000| Untracked 
|2012|0x00000007fb800000, 0x00000007fb800000, 0x00000007fba00000|  0%| F|  |TAMS 0x00000007fb800000| PB 0x00000007fb800000| Untracked 
|2013|0x00000007fba00000, 0x00000007fba00000, 0x00000007fbc00000|  0%| F|  |TAMS 0x00000007fba00000| PB 0x00000007fba00000| Untracked 
|2014|0x00000007fbc00000, 0x00000007fbc00000, 0x00000007fbe00000|  0%| F|  |TAMS 0x00000007fbc00000| PB 0x00000007fbc00000| Untracked 
|2015|0x00000007fbe00000, 0x00000007fbe00000, 0x00000007fc000000|  0%| F|  |TAMS 0x00000007fbe00000| PB 0x00000007fbe00000| Untracked 
|2016|0x00000007fc000000, 0x00000007fc000000, 0x00000007fc200000|  0%| F|  |TAMS 0x00000007fc000000| PB 0x00000007fc000000| Untracked 
|2017|0x00000007fc200000, 0x00000007fc33c0f8, 0x00000007fc400000| 61%| S|CS|TAMS 0x00000007fc200000| PB 0x00000007fc200000| Complete 
|2018|0x00000007fc400000, 0x00000007fc400000, 0x00000007fc600000|  0%| F|  |TAMS 0x00000007fc400000| PB 0x00000007fc400000| Untracked 
|2019|0x00000007fc600000, 0x00000007fc600000, 0x00000007fc800000|  0%| F|  |TAMS 0x00000007fc600000| PB 0x00000007fc600000| Untracked 
|2020|0x00000007fc800000, 0x00000007fc800000, 0x00000007fca00000|  0%| F|  |TAMS 0x00000007fc800000| PB 0x00000007fc800000| Untracked 
|2021|0x00000007fca00000, 0x00000007fca00000, 0x00000007fcc00000|  0%| F|  |TAMS 0x00000007fca00000| PB 0x00000007fca00000| Untracked 
|2022|0x00000007fcc00000, 0x00000007fcc00000, 0x00000007fce00000|  0%| F|  |TAMS 0x00000007fcc00000| PB 0x00000007fcc00000| Untracked 
|2023|0x00000007fce00000, 0x00000007fce00000, 0x00000007fd000000|  0%| F|  |TAMS 0x00000007fce00000| PB 0x00000007fce00000| Untracked 
|2024|0x00000007fd000000, 0x00000007fd000000, 0x00000007fd200000|  0%| F|  |TAMS 0x00000007fd000000| PB 0x00000007fd000000| Untracked 
|2025|0x00000007fd200000, 0x00000007fd200000, 0x00000007fd400000|  0%| F|  |TAMS 0x00000007fd200000| PB 0x00000007fd200000| Untracked 
|2026|0x00000007fd400000, 0x00000007fd400000, 0x00000007fd600000|  0%| F|  |TAMS 0x00000007fd400000| PB 0x00000007fd400000| Untracked 
|2027|0x00000007fd600000, 0x00000007fd600000, 0x00000007fd800000|  0%| F|  |TAMS 0x00000007fd600000| PB 0x00000007fd600000| Untracked 
|2028|0x00000007fd800000, 0x00000007fd800000, 0x00000007fda00000|  0%| F|  |TAMS 0x00000007fd800000| PB 0x00000007fd800000| Untracked 
|2029|0x00000007fda00000, 0x00000007fda00000, 0x00000007fdc00000|  0%| F|  |TAMS 0x00000007fda00000| PB 0x00000007fda00000| Untracked 
|2030|0x00000007fdc00000, 0x00000007fdc00000, 0x00000007fde00000|  0%| F|  |TAMS 0x00000007fdc00000| PB 0x00000007fdc00000| Untracked 
|2031|0x00000007fde00000, 0x00000007fde00000, 0x00000007fe000000|  0%| F|  |TAMS 0x00000007fde00000| PB 0x00000007fde00000| Untracked 
|2032|0x00000007fe000000, 0x00000007fe200000, 0x00000007fe200000|100%| O|  |TAMS 0x00000007fe000000| PB 0x00000007fe000000| Untracked 
|2033|0x00000007fe200000, 0x00000007fe400000, 0x00000007fe400000|100%| O|  |TAMS 0x00000007fe200000| PB 0x00000007fe200000| Untracked 
|2034|0x00000007fe400000, 0x00000007fe400000, 0x00000007fe600000|  0%| F|  |TAMS 0x00000007fe400000| PB 0x00000007fe400000| Untracked 
|2035|0x00000007fe600000, 0x00000007fe600000, 0x00000007fe800000|  0%| F|  |TAMS 0x00000007fe600000| PB 0x00000007fe600000| Untracked 
|2036|0x00000007fe800000, 0x00000007fe800000, 0x00000007fea00000|  0%| F|  |TAMS 0x00000007fe800000| PB 0x00000007fe800000| Untracked 
|2037|0x00000007fea00000, 0x00000007fea00000, 0x00000007fec00000|  0%| F|  |TAMS 0x00000007fea00000| PB 0x00000007fea00000| Untracked 
|2038|0x00000007fec00000, 0x00000007fec00000, 0x00000007fee00000|  0%| F|  |TAMS 0x00000007fec00000| PB 0x00000007fec00000| Untracked 
|2039|0x00000007fee00000, 0x00000007fee00000, 0x00000007ff000000|  0%| F|  |TAMS 0x00000007fee00000| PB 0x00000007fee00000| Untracked 
|2040|0x00000007ff000000, 0x00000007ff000000, 0x00000007ff200000|  0%| F|  |TAMS 0x00000007ff000000| PB 0x00000007ff000000| Untracked 
|2041|0x00000007ff200000, 0x00000007ff200000, 0x00000007ff400000|  0%| F|  |TAMS 0x00000007ff200000| PB 0x00000007ff200000| Untracked 
|2042|0x00000007ff400000, 0x00000007ff400000, 0x00000007ff600000|  0%| F|  |TAMS 0x00000007ff400000| PB 0x00000007ff400000| Untracked 
|2043|0x00000007ff600000, 0x00000007ff600000, 0x00000007ff800000|  0%| F|  |TAMS 0x00000007ff600000| PB 0x00000007ff600000| Untracked 
|2044|0x00000007ff800000, 0x00000007ffa00000, 0x00000007ffa00000|100%| O|  |TAMS 0x00000007ff800000| PB 0x00000007ff800000| Untracked 
|2045|0x00000007ffa00000, 0x00000007ffc00000, 0x00000007ffc00000|100%| O|  |TAMS 0x00000007ffa00000| PB 0x00000007ffa00000| Untracked 
|2046|0x00000007ffc00000, 0x00000007ffc00000, 0x00000007ffe00000|  0%| F|  |TAMS 0x00000007ffc00000| PB 0x00000007ffc00000| Untracked 
|2047|0x00000007ffe00000, 0x00000007ffe00000, 0x0000000800000000|  0%| F|  |TAMS 0x00000007ffe00000| PB 0x00000007ffe00000| Untracked 

Card table byte_map: [0x00000226321f0000,0x00000226329f0000] _byte_map_base: 0x000002262e9f0000

Marking Bits: (CMBitMap*) 0x000002261f907d10
 Bits: [0x00000226329f0000, 0x00000226369f0000)

Polling page: 0x000002261d8e0000

Metaspace:

Usage:
  Non-class:    192.11 MB used.
      Class:     27.38 MB used.
       Both:    219.48 MB used.

Virtual space:
  Non-class space:      256.00 MB reserved,     192.88 MB ( 75%) committed,  4 nodes.
      Class space:        1.00 GB reserved,      28.12 MB (  3%) committed,  1 nodes.
             Both:        1.25 GB reserved,     221.00 MB ( 17%) committed. 

Chunk freelists:
   Non-Class:  14.55 MB
       Class:  3.83 MB
        Both:  18.38 MB

MaxMetaspaceSize: unlimited
CompressedClassSpaceSize: 1.00 GB
Initial GC threshold: 21.00 MB
Current GC threshold: 367.81 MB
CDS: off
 - commit_granule_bytes: 65536.
 - commit_granule_words: 8192.
 - virtual_space_node_default_size: 8388608.
 - enlarge_chunks_in_place: 1.
 - use_allocation_guard: 0.


Internal statistics:

num_allocs_failed_limit: 9.
num_arena_births: 5268.
num_arena_deaths: 2592.
num_vsnodes_births: 5.
num_vsnodes_deaths: 0.
num_space_committed: 3534.
num_space_uncommitted: 0.
num_chunks_returned_to_freelist: 2971.
num_chunks_taken_from_freelist: 15818.
num_chunk_merges: 1020.
num_chunk_splits: 9825.
num_chunks_enlarged: 6846.
num_inconsistent_stats: 0.

CodeHeap 'non-profiled nmethods': size=120000Kb used=29400Kb max_used=29400Kb free=90599Kb
 bounds [0x000002262a4c0000, 0x000002262c180000, 0x00000226319f0000]
CodeHeap 'profiled nmethods': size=120000Kb used=57418Kb max_used=59154Kb free=62581Kb
 bounds [0x00000226229f0000, 0x0000022626430000, 0x0000022629f20000]
CodeHeap 'non-nmethods': size=5760Kb used=3039Kb max_used=3113Kb free=2720Kb
 bounds [0x0000022629f20000, 0x000002262a240000, 0x000002262a4c0000]
 total_blobs=26901 nmethods=25631 adapters=1170
 compilation: enabled
              stopped_count=0, restarted_count=0
 full_count=0

Compilation events (20 events):
Event: 4410.376 Thread 0x00000226390ff6a0 nmethod 42882 0x000002262537f190 code [0x000002262537f320, 0x000002262537f430]
Event: 4410.379 Thread 0x00000226390ff6a0 42883       1       com.android.tools.r8.internal.G9::y (2 bytes)
Event: 4410.379 Thread 0x00000226390ff6a0 nmethod 42883 0x000002262c16ab10 code [0x000002262c16aca0, 0x000002262c16ad68]
Event: 4410.390 Thread 0x00000226390ff6a0 42884       1       com.android.tools.r8.internal.bX::b (5 bytes)
Event: 4410.390 Thread 0x00000226390ff6a0 nmethod 42884 0x000002262c16ae10 code [0x000002262c16afa0, 0x000002262c16b070]
Event: 4410.393 Thread 0x00000226390ff6a0 42885       2       com.android.tools.r8.internal.ij0::<init> (5 bytes)
Event: 4410.393 Thread 0x00000226390ff6a0 nmethod 42885 0x00000226253e7a10 code [0x00000226253e7ba0, 0x00000226253e7ca8]
Event: 4410.396 Thread 0x00000226390ff6a0 42886       3       com.android.tools.r8.internal.Pm::a (5 bytes)
Event: 4410.396 Thread 0x00000226390ff6a0 nmethod 42886 0x0000022623d59710 code [0x0000022623d598c0, 0x0000022623d59ac8]
Event: 4410.399 Thread 0x00000226390ff6a0 42887       3       com.android.tools.r8.internal.K5::L (36 bytes)
Event: 4410.400 Thread 0x00000226390ff6a0 nmethod 42887 0x000002262384fc10 code [0x000002262384fe40, 0x00000226238504d0]
Event: 4410.400 Thread 0x00000226390ff6a0 42888       3       com.android.tools.r8.internal.k9::a (68 bytes)
Event: 4410.401 Thread 0x00000226390ff6a0 nmethod 42888 0x0000022623598590 code [0x0000022623598820, 0x00000226235992f0]
Event: 4410.404 Thread 0x00000226390ff6a0 42890       1       com.android.tools.r8.internal.ea::x (2 bytes)
Event: 4410.404 Thread 0x00000226390ff6a0 nmethod 42890 0x000002262c16b110 code [0x000002262c16b2a0, 0x000002262c16b368]
Event: 4410.414 Thread 0x00000226390ff6a0 42891       3       com.android.tools.r8.internal.Gp0::a (58 bytes)
Event: 4410.418 Thread 0x0000022666c63a80 nmethod 42764% 0x000002262c16b410 code [0x000002262c16b740, 0x000002262c16da98]
Event: 4410.418 Thread 0x0000022666c63a80 42834       4       com.android.tools.r8.internal.u9::a (1719 bytes)
Event: 4410.462 Thread 0x00000226390fec10 nmethod 42761% 0x000002262c16ee90 code [0x000002262c16f3a0, 0x000002262c173c38]
Event: 4410.462 Thread 0x00000226390fec10 42838 %     4       com.android.tools.r8.ir.optimize.M::a @ 57 (767 bytes)

GC Heap History (20 events):
Event: 4184.506 GC heap after
{Heap after GC invocations=107 (full 0):
 garbage-first heap   total 1085440K, used 619904K [0x0000000700000000, 0x0000000800000000)
  region size 2048K, 8 young (16384K), 8 survivors (16384K)
 Metaspace       used 222563K, committed 224000K, reserved 1245184K
  class space    used 27919K, committed 28608K, reserved 1048576K
}
Event: 4185.909 GC heap before
{Heap before GC invocations=107 (full 0):
 garbage-first heap   total 1085440K, used 841088K [0x0000000700000000, 0x0000000800000000)
  region size 2048K, 105 young (215040K), 8 survivors (16384K)
 Metaspace       used 222565K, committed 224000K, reserved 1245184K
  class space    used 27919K, committed 28608K, reserved 1048576K
}
Event: 4185.946 GC heap after
{Heap after GC invocations=108 (full 0):
 garbage-first heap   total 1085440K, used 631589K [0x0000000700000000, 0x0000000800000000)
  region size 2048K, 3 young (6144K), 3 survivors (6144K)
 Metaspace       used 222565K, committed 224000K, reserved 1245184K
  class space    used 27919K, committed 28608K, reserved 1048576K
}
Event: 4228.540 GC heap before
{Heap before GC invocations=108 (full 0):
 garbage-first heap   total 1085440K, used 969509K [0x0000000700000000, 0x0000000800000000)
  region size 2048K, 145 young (296960K), 3 survivors (6144K)
 Metaspace       used 223021K, committed 224448K, reserved 1310720K
  class space    used 27927K, committed 28608K, reserved 1048576K
}
Event: 4228.642 GC heap after
{Heap after GC invocations=109 (full 0):
 garbage-first heap   total 1085440K, used 614986K [0x0000000700000000, 0x0000000800000000)
  region size 2048K, 12 young (24576K), 12 survivors (24576K)
 Metaspace       used 223021K, committed 224448K, reserved 1310720K
  class space    used 27927K, committed 28608K, reserved 1048576K
}
Event: 4279.200 GC heap before
{Heap before GC invocations=109 (full 0):
 garbage-first heap   total 1085440K, used 815690K [0x0000000700000000, 0x0000000800000000)
  region size 2048K, 111 young (227328K), 12 survivors (24576K)
 Metaspace       used 223319K, committed 224704K, reserved 1310720K
  class space    used 27929K, committed 28608K, reserved 1048576K
}
Event: 4279.594 GC heap after
{Heap after GC invocations=110 (full 0):
 garbage-first heap   total 1085440K, used 626265K [0x0000000700000000, 0x0000000800000000)
  region size 2048K, 10 young (20480K), 10 survivors (20480K)
 Metaspace       used 223319K, committed 224704K, reserved 1310720K
  class space    used 27929K, committed 28608K, reserved 1048576K
}
Event: 4354.202 GC heap before
{Heap before GC invocations=110 (full 0):
 garbage-first heap   total 1085440K, used 941657K [0x0000000700000000, 0x0000000800000000)
  region size 2048K, 165 young (337920K), 10 survivors (20480K)
 Metaspace       used 224463K, committed 225920K, reserved 1310720K
  class space    used 28018K, committed 28736K, reserved 1048576K
}
Event: 4354.535 GC heap after
{Heap after GC invocations=111 (full 0):
 garbage-first heap   total 1085440K, used 650755K [0x0000000700000000, 0x0000000800000000)
  region size 2048K, 21 young (43008K), 21 survivors (43008K)
 Metaspace       used 224463K, committed 225920K, reserved 1310720K
  class space    used 28018K, committed 28736K, reserved 1048576K
}
Event: 4355.408 GC heap before
{Heap before GC invocations=111 (full 0):
 garbage-first heap   total 1085440K, used 658947K [0x0000000700000000, 0x0000000800000000)
  region size 2048K, 26 young (53248K), 21 survivors (43008K)
 Metaspace       used 224503K, committed 225984K, reserved 1310720K
  class space    used 28022K, committed 28736K, reserved 1048576K
}
Event: 4355.637 GC heap after
{Heap after GC invocations=112 (full 0):
 garbage-first heap   total 1085440K, used 656225K [0x0000000700000000, 0x0000000800000000)
  region size 2048K, 3 young (6144K), 3 survivors (6144K)
 Metaspace       used 224503K, committed 225984K, reserved 1310720K
  class space    used 28022K, committed 28736K, reserved 1048576K
}
Event: 4399.963 GC heap before
{Heap before GC invocations=113 (full 0):
 garbage-first heap   total 1085440K, used 523105K [0x0000000700000000, 0x0000000800000000)
  region size 2048K, 95 young (194560K), 3 survivors (6144K)
 Metaspace       used 224741K, committed 226240K, reserved 1310720K
  class space    used 28034K, committed 28800K, reserved 1048576K
}
Event: 4402.922 GC heap after
{Heap after GC invocations=114 (full 0):
 garbage-first heap   total 1085440K, used 340960K [0x0000000700000000, 0x0000000800000000)
  region size 2048K, 5 young (10240K), 5 survivors (10240K)
 Metaspace       used 224741K, committed 226240K, reserved 1310720K
  class space    used 28034K, committed 28800K, reserved 1048576K
}
Event: 4407.012 GC heap before
{Heap before GC invocations=114 (full 0):
 garbage-first heap   total 1085440K, used 383968K [0x0000000700000000, 0x0000000800000000)
  region size 2048K, 26 young (53248K), 5 survivors (10240K)
 Metaspace       used 224744K, committed 226304K, reserved 1310720K
  class space    used 28034K, committed 28800K, reserved 1048576K
}
Event: 4408.168 GC heap after
{Heap after GC invocations=115 (full 0):
 garbage-first heap   total 1085440K, used 325554K [0x0000000700000000, 0x0000000800000000)
  region size 2048K, 1 young (2048K), 1 survivors (2048K)
 Metaspace       used 224744K, committed 226304K, reserved 1310720K
  class space    used 28034K, committed 28800K, reserved 1048576K
}
Event: 4409.093 GC heap before
{Heap before GC invocations=115 (full 0):
 garbage-first heap   total 1085440K, used 376754K [0x0000000700000000, 0x0000000800000000)
  region size 2048K, 26 young (53248K), 1 survivors (2048K)
 Metaspace       used 224747K, committed 226304K, reserved 1310720K
  class space    used 28034K, committed 28800K, reserved 1048576K
}
Event: 4409.413 GC heap after
{Heap after GC invocations=116 (full 0):
 garbage-first heap   total 1085440K, used 311711K [0x0000000700000000, 0x0000000800000000)
  region size 2048K, 1 young (2048K), 1 survivors (2048K)
 Metaspace       used 224747K, committed 226304K, reserved 1310720K
  class space    used 28034K, committed 28800K, reserved 1048576K
}
Event: 4409.741 GC heap before
{Heap before GC invocations=116 (full 0):
 garbage-first heap   total 1085440K, used 362911K [0x0000000700000000, 0x0000000800000000)
  region size 2048K, 26 young (53248K), 1 survivors (2048K)
 Metaspace       used 224748K, committed 226304K, reserved 1310720K
  class space    used 28034K, committed 28800K, reserved 1048576K
}
Event: 4410.146 GC heap after
{Heap after GC invocations=117 (full 0):
 garbage-first heap   total 1085440K, used 298255K [0x0000000700000000, 0x0000000800000000)
  region size 2048K, 1 young (2048K), 1 survivors (2048K)
 Metaspace       used 224748K, committed 226304K, reserved 1310720K
  class space    used 28034K, committed 28800K, reserved 1048576K
}
Event: 4410.510 GC heap before
{Heap before GC invocations=117 (full 0):
 garbage-first heap   total 1085440K, used 349455K [0x0000000700000000, 0x0000000800000000)
  region size 2048K, 26 young (53248K), 1 survivors (2048K)
 Metaspace       used 224750K, committed 226304K, reserved 1310720K
  class space    used 28034K, committed 28800K, reserved 1048576K
}

Dll operation events (3 events):
Event: 0.016 Loaded shared library C:\Program Files\Android\Android Studio\jbr\bin\java.dll
Event: 0.020 Loaded shared library C:\Program Files\Android\Android Studio\jbr\bin\zip.dll
Event: 0.875 Loaded shared library C:\Program Files\Android\Android Studio\jbr\bin\verify.dll

Deoptimization events (20 events):
Event: 4409.625 Thread 0x00000226667c3b70 DEOPT PACKING pc=0x0000022623e8678d sp=0x000000baa3afcb90
Event: 4409.625 Thread 0x00000226667c3b70 DEOPT UNPACKING pc=0x0000022629f788e2 sp=0x000000baa3afc098 mode 0
Event: 4409.667 Thread 0x00000226667c3b70 DEOPT PACKING pc=0x0000022623ad7077 sp=0x000000baa3afc480
Event: 4409.667 Thread 0x00000226667c3b70 DEOPT UNPACKING pc=0x0000022629f788e2 sp=0x000000baa3afb950 mode 0
Event: 4410.170 Thread 0x00000226667c3b70 Uncommon trap: trap_request=0xffffff45 fr.pc=0x000002262b2cf7c8 relative=0x00000000000000a8
Event: 4410.170 Thread 0x00000226667c3b70 Uncommon trap: reason=unstable_if action=reinterpret pc=0x000002262b2cf7c8 method=java.util.BitSet.recalculateWordsInUse()V @ 8 c2
Event: 4410.170 Thread 0x00000226667c3b70 DEOPT PACKING pc=0x000002262b2cf7c8 sp=0x000000baa3afc490
Event: 4410.170 Thread 0x00000226667c3b70 DEOPT UNPACKING pc=0x0000022629f77da2 sp=0x000000baa3afc420 mode 2
Event: 4410.329 Thread 0x00000226667c3b70 DEOPT PACKING pc=0x0000022625dbbc3f sp=0x000000baa3afcb10
Event: 4410.329 Thread 0x00000226667c3b70 DEOPT UNPACKING pc=0x0000022629f788e2 sp=0x000000baa3afc0d8 mode 0
Event: 4410.347 Thread 0x00000226667c3b70 DEOPT PACKING pc=0x0000022625db8233 sp=0x000000baa3afc4b0
Event: 4410.347 Thread 0x00000226667c3b70 DEOPT UNPACKING pc=0x0000022629f788e2 sp=0x000000baa3afba30 mode 0
Event: 4410.350 Thread 0x00000226667c3b70 DEOPT PACKING pc=0x0000022623c6be4d sp=0x000000baa3afcac0
Event: 4410.350 Thread 0x00000226667c3b70 DEOPT UNPACKING pc=0x0000022629f788e2 sp=0x000000baa3afc168 mode 0
Event: 4410.363 Thread 0x00000226667c3b70 DEOPT PACKING pc=0x00000226232db33b sp=0x000000baa3afc450
Event: 4410.363 Thread 0x00000226667c3b70 DEOPT UNPACKING pc=0x0000022629f788e2 sp=0x000000baa3afb988 mode 0
Event: 4410.475 Thread 0x00000226667c3b70 Uncommon trap: trap_request=0xffffff45 fr.pc=0x000002262b4649c4 relative=0x0000000000000344
Event: 4410.475 Thread 0x00000226667c3b70 Uncommon trap: reason=unstable_if action=reinterpret pc=0x000002262b4649c4 method=com.android.tools.r8.internal.QF.contains(Ljava/lang/Object;)Z @ 176 c2
Event: 4410.475 Thread 0x00000226667c3b70 DEOPT PACKING pc=0x000002262b4649c4 sp=0x000000baa3afc250
Event: 4410.475 Thread 0x00000226667c3b70 DEOPT UNPACKING pc=0x0000022629f77da2 sp=0x000000baa3afc1c8 mode 2

Classes loaded (20 events):
Event: 4156.964 Loading class java/io/BufferedReader$1
Event: 4156.964 Loading class java/io/BufferedReader$1 done
Event: 4157.623 Loading class java/util/zip/ZipFile$EntrySpliterator
Event: 4157.624 Loading class java/util/Spliterators$AbstractSpliterator
Event: 4157.624 Loading class java/util/Spliterators$AbstractSpliterator done
Event: 4157.624 Loading class java/util/zip/ZipFile$EntrySpliterator done
Event: 4351.662 Loading class java/util/Collections$UnmodifiableSortedMap
Event: 4351.667 Loading class java/util/Collections$UnmodifiableSortedMap done
Event: 4358.313 Loading class sun/security/ssl/Alert
Event: 4358.707 Loading class sun/security/ssl/Alert done
Event: 4359.014 Loading class sun/security/ssl/Alert$AlertConsumer
Event: 4359.020 Loading class sun/security/ssl/Alert$AlertConsumer done
Event: 4359.020 Loading class sun/security/ssl/Alert$Level
Event: 4359.022 Loading class sun/security/ssl/Alert$Level done
Event: 4361.570 Loading class java/util/zip/Deflater
Event: 4361.637 Loading class java/util/zip/Deflater done
Event: 4361.748 Loading class java/util/zip/Deflater$DeflaterZStreamRef
Event: 4361.748 Loading class java/util/zip/Deflater$DeflaterZStreamRef done
Event: 4362.095 Loading class java/util/zip/ZipOutputStream$XEntry
Event: 4362.095 Loading class java/util/zip/ZipOutputStream$XEntry done

Classes unloaded (20 events):
Event: 3950.915 Thread 0x0000022638dfd1e0 Unloading class 0x0000000800d92c00 'java/lang/invoke/LambdaForm$MH+0x0000000800d92c00'
Event: 4163.277 Thread 0x0000022638dfd1e0 Unloading class 0x0000000800c39a08 'org/gradle/kotlin/dsl/DebugImplementationConfigurationAccessorsKt'
Event: 4163.277 Thread 0x0000022638dfd1e0 Unloading class 0x0000000800c397f0 'org/gradle/kotlin/dsl/ImplementationConfigurationAccessorsKt'
Event: 4163.277 Thread 0x0000022638dfd1e0 Unloading class 0x0000000800c395c0 'Build_gradle$$Lambda+0x0000000800c395c0'
Event: 4163.277 Thread 0x0000022638dfd1e0 Unloading class 0x0000000800c393a8 'org/gradle/kotlin/dsl/Accessors7hi54dw6z1iwfc8il49k7nrk1Kt'
Event: 4163.277 Thread 0x0000022638dfd1e0 Unloading class 0x0000000800c39178 'Build_gradle$1$6'
Event: 4163.277 Thread 0x0000022638dfd1e0 Unloading class 0x0000000800c38f48 'Build_gradle$1$$Lambda+0x0000000800c38f48'
Event: 4163.277 Thread 0x0000022638dfd1e0 Unloading class 0x0000000800c38d18 'Build_gradle$1$$Lambda+0x0000000800c38d18'
Event: 4163.277 Thread 0x0000022638dfd1e0 Unloading class 0x0000000800c38ae8 'Build_gradle$1$$Lambda+0x0000000800c38ae8'
Event: 4163.277 Thread 0x0000022638dfd1e0 Unloading class 0x0000000800c388b0 'Build_gradle$1$2$2'
Event: 4163.277 Thread 0x0000022638dfd1e0 Unloading class 0x0000000800c38680 'Build_gradle$1$2$1'
Event: 4163.277 Thread 0x0000022638dfd1e0 Unloading class 0x0000000800c38448 'Build_gradle$1$$Lambda+0x0000000800c38448'
Event: 4163.277 Thread 0x0000022638dfd1e0 Unloading class 0x0000000800c38218 'Build_gradle$1$$Lambda+0x0000000800c38218'
Event: 4163.277 Thread 0x0000022638dfd1e0 Unloading class 0x0000000800c38000 'org/gradle/kotlin/dsl/Accessors7un1k8mtklqdc1zhu0wdlzdjiKt'
Event: 4163.277 Thread 0x0000022638dfd1e0 Unloading class 0x0000000800c34400 'Build_gradle$1'
Event: 4163.277 Thread 0x0000022638dfd1e0 Unloading class 0x0000000800c34a20 'Build_gradle'
Event: 4163.277 Thread 0x0000022638dfd1e0 Unloading class 0x0000000800c34800 'Program'
Event: 4356.640 Thread 0x0000022638dfd1e0 Unloading class 0x0000000801c08400 'java/lang/invoke/LambdaForm$MH+0x0000000801c08400'
Event: 4356.640 Thread 0x0000022638dfd1e0 Unloading class 0x0000000801b30000 'java/lang/invoke/LambdaForm$MH+0x0000000801b30000'
Event: 4356.640 Thread 0x0000022638dfd1e0 Unloading class 0x0000000801a7b400 'java/lang/invoke/LambdaForm$MH+0x0000000801a7b400'

Classes redefined (0 events):
No events

Internal exceptions (20 events):
Event: 4354.057 Thread 0x00000226667af9e0 Exception <a 'sun/nio/fs/WindowsException'{0x0000000727ef6978}> (0x0000000727ef6978) 
thrown [s\src\hotspot\share\prims\jni.cpp, line 535]
Event: 4354.068 Thread 0x00000226667af9e0 Exception <a 'sun/nio/fs/WindowsException'{0x0000000727ef90b0}> (0x0000000727ef90b0) 
thrown [s\src\hotspot\share\prims\jni.cpp, line 535]
Event: 4354.072 Thread 0x00000226667af9e0 Exception <a 'sun/nio/fs/WindowsException'{0x0000000727efb860}> (0x0000000727efb860) 
thrown [s\src\hotspot\share\prims\jni.cpp, line 535]
Event: 4354.079 Thread 0x00000226667af9e0 Exception <a 'sun/nio/fs/WindowsException'{0x0000000727efe010}> (0x0000000727efe010) 
thrown [s\src\hotspot\share\prims\jni.cpp, line 535]
Event: 4354.084 Thread 0x00000226667af9e0 Exception <a 'sun/nio/fs/WindowsException'{0x0000000727f007c0}> (0x0000000727f007c0) 
thrown [s\src\hotspot\share\prims\jni.cpp, line 535]
Event: 4354.090 Thread 0x00000226667af9e0 Exception <a 'sun/nio/fs/WindowsException'{0x0000000727f02f70}> (0x0000000727f02f70) 
thrown [s\src\hotspot\share\prims\jni.cpp, line 535]
Event: 4354.099 Thread 0x00000226667af9e0 Exception <a 'sun/nio/fs/WindowsException'{0x0000000727f04560}> (0x0000000727f04560) 
thrown [s\src\hotspot\share\prims\jni.cpp, line 535]
Event: 4354.103 Thread 0x00000226667af9e0 Exception <a 'sun/nio/fs/WindowsException'{0x0000000727f05b50}> (0x0000000727f05b50) 
thrown [s\src\hotspot\share\prims\jni.cpp, line 535]
Event: 4354.108 Thread 0x00000226667af9e0 Exception <a 'sun/nio/fs/WindowsException'{0x0000000727f08250}> (0x0000000727f08250) 
thrown [s\src\hotspot\share\prims\jni.cpp, line 535]
Event: 4354.116 Thread 0x00000226667af9e0 Exception <a 'sun/nio/fs/WindowsException'{0x0000000727f0a950}> (0x0000000727f0a950) 
thrown [s\src\hotspot\share\prims\jni.cpp, line 535]
Event: 4354.119 Thread 0x00000226667af9e0 Exception <a 'sun/nio/fs/WindowsException'{0x0000000727f0d050}> (0x0000000727f0d050) 
thrown [s\src\hotspot\share\prims\jni.cpp, line 535]
Event: 4354.122 Thread 0x00000226667af9e0 Exception <a 'sun/nio/fs/WindowsException'{0x0000000727f0f750}> (0x0000000727f0f750) 
thrown [s\src\hotspot\share\prims\jni.cpp, line 535]
Event: 4354.128 Thread 0x00000226667af9e0 Exception <a 'sun/nio/fs/WindowsException'{0x0000000727f1b480}> (0x0000000727f1b480) 
thrown [s\src\hotspot\share\prims\jni.cpp, line 535]
Event: 4354.132 Thread 0x00000226667af9e0 Exception <a 'sun/nio/fs/WindowsException'{0x0000000727f1db18}> (0x0000000727f1db18) 
thrown [s\src\hotspot\share\prims\jni.cpp, line 535]
Event: 4354.135 Thread 0x00000226667af9e0 Exception <a 'sun/nio/fs/WindowsException'{0x0000000727f201b0}> (0x0000000727f201b0) 
thrown [s\src\hotspot\share\prims\jni.cpp, line 535]
Event: 4354.149 Thread 0x00000226667af9e0 Exception <a 'sun/nio/fs/WindowsException'{0x0000000727f22848}> (0x0000000727f22848) 
thrown [s\src\hotspot\share\prims\jni.cpp, line 535]
Event: 4354.151 Thread 0x00000226667af9e0 Exception <a 'sun/nio/fs/WindowsException'{0x0000000727f23dc8}> (0x0000000727f23dc8) 
thrown [s\src\hotspot\share\prims\jni.cpp, line 535]
Event: 4354.152 Thread 0x00000226667af9e0 Exception <a 'sun/nio/fs/WindowsException'{0x0000000727f25500}> (0x0000000727f25500) 
thrown [s\src\hotspot\share\prims\jni.cpp, line 535]
Event: 4354.154 Thread 0x00000226667af9e0 Exception <a 'sun/nio/fs/WindowsException'{0x0000000727f26c10}> (0x0000000727f26c10) 
thrown [s\src\hotspot\share\prims\jni.cpp, line 535]
Event: 4354.185 Thread 0x00000226667af9e0 Exception <a 'java/lang/NoSuchMethodError'{0x0000000727f77ce8}: static Lcom/android/build/gradle/internal/tasks/DexArchiveBuilderTaskDelegate$ClasspathServiceKey;.<clinit>()V> (0x0000000727f77ce8) 
thrown [s\src\hotspot\share\prims\jni.cpp, line 1139]

ZGC Phase Switch (0 events):
No events

VM Operations (20 events):
Event: 4395.534 Executing VM operation: Cleanup done
Event: 4396.534 Executing VM operation: Cleanup
Event: 4396.586 Executing VM operation: Cleanup done
Event: 4397.587 Executing VM operation: Cleanup
Event: 4397.638 Executing VM operation: Cleanup done
Event: 4399.661 Executing VM operation: G1CollectForAllocation (G1 Evacuation Pause)
Event: 4402.922 Executing VM operation: G1CollectForAllocation (G1 Evacuation Pause) done
Event: 4403.925 Executing VM operation: Cleanup
Event: 4403.944 Executing VM operation: Cleanup done
Event: 4404.945 Executing VM operation: Cleanup
Event: 4404.994 Executing VM operation: Cleanup done
Event: 4405.995 Executing VM operation: Cleanup
Event: 4406.370 Executing VM operation: Cleanup done
Event: 4406.978 Executing VM operation: G1CollectForAllocation (G1 Evacuation Pause)
Event: 4408.168 Executing VM operation: G1CollectForAllocation (G1 Evacuation Pause) done
Event: 4409.037 Executing VM operation: G1CollectForAllocation (G1 Evacuation Pause)
Event: 4409.413 Executing VM operation: G1CollectForAllocation (G1 Evacuation Pause) done
Event: 4409.669 Executing VM operation: G1CollectForAllocation (G1 Evacuation Pause)
Event: 4410.146 Executing VM operation: G1CollectForAllocation (G1 Evacuation Pause) done
Event: 4410.485 Executing VM operation: G1CollectForAllocation (G1 Evacuation Pause)

Memory protections (0 events):
No events

Nmethod flushes (20 events):
Event: 4358.129 Thread 0x0000022638dfd1e0 flushing  nmethod 0x0000022625abc910
Event: 4358.129 Thread 0x0000022638dfd1e0 flushing  nmethod 0x0000022625abcd10
Event: 4358.129 Thread 0x0000022638dfd1e0 flushing  nmethod 0x0000022625c3d890
Event: 4358.129 Thread 0x0000022638dfd1e0 flushing  nmethod 0x0000022625c40b10
Event: 4358.129 Thread 0x0000022638dfd1e0 flushing  nmethod 0x0000022625c41390
Event: 4358.129 Thread 0x0000022638dfd1e0 flushing  nmethod 0x0000022625c41b10
Event: 4358.129 Thread 0x0000022638dfd1e0 flushing  nmethod 0x0000022625c41e90
Event: 4358.129 Thread 0x0000022638dfd1e0 flushing  nmethod 0x0000022625c42690
Event: 4358.129 Thread 0x0000022638dfd1e0 flushing  nmethod 0x0000022625c42b10
Event: 4358.129 Thread 0x0000022638dfd1e0 flushing  nmethod 0x0000022625c43690
Event: 4358.129 Thread 0x0000022638dfd1e0 flushing  nmethod 0x0000022625c66790
Event: 4358.129 Thread 0x0000022638dfd1e0 flushing  nmethod 0x0000022625c68290
Event: 4358.129 Thread 0x0000022638dfd1e0 flushing  nmethod 0x0000022625c6ae90
Event: 4358.129 Thread 0x0000022638dfd1e0 flushing  nmethod 0x0000022625c6e410
Event: 4358.129 Thread 0x0000022638dfd1e0 flushing  nmethod 0x0000022625c6f290
Event: 4358.129 Thread 0x0000022638dfd1e0 flushing  nmethod 0x0000022625c6fa90
Event: 4358.129 Thread 0x0000022638dfd1e0 flushing  nmethod 0x0000022625c71990
Event: 4358.130 Thread 0x0000022638dfd1e0 flushing  nmethod 0x0000022625cba110
Event: 4358.130 Thread 0x0000022638dfd1e0 flushing  nmethod 0x0000022625cbab10
Event: 4358.130 Thread 0x0000022638dfd1e0 flushing  nmethod 0x0000022625db3910

Events (20 events):
Event: 4368.563 Thread 0x00000226390ff6a0 Thread added: 0x0000022666c633b0
Event: 4373.528 Thread 0x0000022666c633b0 Thread exited: 0x0000022666c633b0
Event: 4378.022 Thread 0x00000226390ff6a0 Thread added: 0x0000022666c633b0
Event: 4379.644 Thread 0x0000022666c633b0 Thread exited: 0x0000022666c633b0
Event: 4379.901 Thread 0x00000226390ff6a0 Thread added: 0x0000022666c64150
Event: 4380.997 Thread 0x0000022666c64150 Thread exited: 0x0000022666c64150
Event: 4381.200 Thread 0x00000226390ff6a0 Thread added: 0x0000022666c611a0
Event: 4382.016 Thread 0x0000022666c611a0 Thread exited: 0x0000022666c611a0
Event: 4382.508 Thread 0x00000226390ff6a0 Thread added: 0x0000022666c63a80
Event: 4388.021 Thread 0x0000022666c63a80 Thread exited: 0x0000022666c63a80
Event: 4388.602 Thread 0x00000226390ff6a0 Thread added: 0x0000022666c63a80
Event: 4390.931 Thread 0x0000022666c63a80 Thread exited: 0x0000022666c63a80
Event: 4403.014 Thread 0x00000226390ff6a0 Thread added: 0x0000022666c64150
Event: 4405.414 Thread 0x0000022666c64150 Thread exited: 0x0000022666c64150
Event: 4406.520 Thread 0x00000226390ff6a0 Thread added: 0x0000022666c63a80
Event: 4408.911 Thread 0x00000226667bc550 Thread exited: 0x00000226667bc550
Event: 4408.958 Thread 0x00000226667c06f0 Thread exited: 0x00000226667c06f0
Event: 4408.958 Thread 0x00000226667c0060 Thread exited: 0x00000226667c0060
Event: 4408.958 Thread 0x00000226669fa650 Thread exited: 0x00000226669fa650
Event: 4408.959 Thread 0x00000226667c0d80 Thread exited: 0x00000226667c0d80


Dynamic libraries:
0x00007ff65e9b0000 - 0x00007ff65e9ba000 	C:\Program Files\Android\Android Studio\jbr\bin\java.exe
0x00007ffa4d780000 - 0x00007ffa4d9e6000 	C:\WINDOWS\SYSTEM32\ntdll.dll
0x00007ffa4cad0000 - 0x00007ffa4cb99000 	C:\WINDOWS\System32\KERNEL32.DLL
0x00007ffa4a9a0000 - 0x00007ffa4ad9e000 	C:\WINDOWS\System32\KERNELBASE.dll
0x00007ffa4b050000 - 0x00007ffa4b19c000 	C:\WINDOWS\System32\ucrtbase.dll
0x00007ffa33410000 - 0x00007ffa33428000 	C:\Program Files\Android\Android Studio\jbr\bin\jli.dll
0x00007ffa4bb20000 - 0x00007ffa4bce7000 	C:\WINDOWS\System32\USER32.dll
0x00007ffa4af70000 - 0x00007ffa4af97000 	C:\WINDOWS\System32\win32u.dll
0x00007ffa4d710000 - 0x00007ffa4d73b000 	C:\WINDOWS\System32\GDI32.dll
0x00007ffa4ae40000 - 0x00007ffa4af6a000 	C:\WINDOWS\System32\gdi32full.dll
0x00007ffa4afa0000 - 0x00007ffa4b043000 	C:\WINDOWS\System32\msvcp_win.dll
0x00007ffa3a2d0000 - 0x00007ffa3a2eb000 	C:\Program Files\Android\Android Studio\jbr\bin\VCRUNTIME140.dll
0x00007ffa263d0000 - 0x00007ffa26662000 	C:\WINDOWS\WinSxS\amd64_microsoft.windows.common-controls_6595b64144ccf1df_6.0.26100.8875_none_3e0d5d42e32fe9dd\COMCTL32.dll
0x00007ffa4cba0000 - 0x00007ffa4cc49000 	C:\WINDOWS\System32\msvcrt.dll
0x00007ffa4b7c0000 - 0x00007ffa4b7f2000 	C:\WINDOWS\System32\IMM32.DLL
0x00007ffa3a590000 - 0x00007ffa3a59c000 	C:\Program Files\Android\Android Studio\jbr\bin\vcruntime140_1.dll
0x00007ffa23b80000 - 0x00007ffa23c0d000 	C:\Program Files\Android\Android Studio\jbr\bin\msvcp140.dll
0x00007ff9af4e0000 - 0x00007ff9b016b000 	C:\Program Files\Android\Android Studio\jbr\bin\server\jvm.dll
0x00007ffa4cdf0000 - 0x00007ffa4cea7000 	C:\WINDOWS\System32\ADVAPI32.dll
0x00007ffa4b4b0000 - 0x00007ffa4b55a000 	C:\WINDOWS\System32\sechost.dll
0x00007ffa4bcf0000 - 0x00007ffa4be08000 	C:\WINDOWS\System32\RPCRT4.dll
0x00007ffa4d680000 - 0x00007ffa4d700000 	C:\WINDOWS\System32\WS2_32.dll
0x00007ffa4a800000 - 0x00007ffa4a85e000 	C:\WINDOWS\SYSTEM32\POWRPROF.dll
0x00007ffa40470000 - 0x00007ffa404a6000 	C:\WINDOWS\SYSTEM32\WINMM.dll
0x00007ffa33ee0000 - 0x00007ffa33eeb000 	C:\WINDOWS\SYSTEM32\VERSION.dll
0x00007ffa4a7e0000 - 0x00007ffa4a7f4000 	C:\WINDOWS\SYSTEM32\UMPDC.dll
0x00007ffa49640000 - 0x00007ffa4965b000 	C:\WINDOWS\SYSTEM32\kernel.appcore.dll
0x00007ffa3a2c0000 - 0x00007ffa3a2ca000 	C:\Program Files\Android\Android Studio\jbr\bin\jimage.dll
0x00007ffa480d0000 - 0x00007ffa48312000 	C:\WINDOWS\SYSTEM32\DBGHELP.DLL
0x00007ffa4c5e0000 - 0x00007ffa4c963000 	C:\WINDOWS\System32\combase.dll
0x00007ffa4b560000 - 0x00007ffa4b639000 	C:\WINDOWS\System32\OLEAUT32.dll
0x00007ffa358f0000 - 0x00007ffa3592b000 	C:\WINDOWS\SYSTEM32\dbgcore.DLL
0x00007ffa4b3f0000 - 0x00007ffa4b49c000 	C:\WINDOWS\System32\bcryptPrimitives.dll
0x00007ffa25a30000 - 0x00007ffa25a3e000 	C:\Program Files\Android\Android Studio\jbr\bin\instrument.dll
0x00007ffa3a2a0000 - 0x00007ffa3a2c0000 	C:\Program Files\Android\Android Studio\jbr\bin\java.dll
0x00007ffa274e0000 - 0x00007ffa274f8000 	C:\Program Files\Android\Android Studio\jbr\bin\zip.dll
0x00007ffa4ced0000 - 0x00007ffa4d662000 	C:\WINDOWS\System32\SHELL32.dll
0x00007ffa48400000 - 0x00007ffa48c92000 	C:\WINDOWS\SYSTEM32\windows.storage.dll
0x00007ffa4b8e0000 - 0x00007ffa4b9d7000 	C:\WINDOWS\System32\SHCORE.dll
0x00007ffa4c570000 - 0x00007ffa4c5d7000 	C:\WINDOWS\System32\shlwapi.dll
0x00007ffa4a8c0000 - 0x00007ffa4a8e9000 	C:\WINDOWS\SYSTEM32\profapi.dll
0x00007ffa36c30000 - 0x00007ffa36c40000 	C:\Program Files\Android\Android Studio\jbr\bin\net.dll
0x00007ffa40080000 - 0x00007ffa401a7000 	C:\WINDOWS\SYSTEM32\WINHTTP.dll
0x00007ffa49bd0000 - 0x00007ffa49c3c000 	C:\WINDOWS\system32\mswsock.dll
0x00007ffa23620000 - 0x00007ffa23636000 	C:\Program Files\Android\Android Studio\jbr\bin\nio.dll
0x00007ffa23610000 - 0x00007ffa23620000 	C:\Program Files\Android\Android Studio\jbr\bin\verify.dll
0x00007ffa24970000 - 0x00007ffa24997000 	C:\Users\mimim\.gradle\native\660c5614fbf4a5f2a75b1949f50a0caf5cd603558e7d8a26e50b933a0cfb79d1\windows-amd64\native-platform.dll
0x00007ffa22d80000 - 0x00007ffa22df7000 	C:\Users\mimim\.gradle\native\0.2.8\x86_64-windows-gnu\gradle-fileevents.dll
0x00007ffa274d0000 - 0x00007ffa274d9000 	C:\Program Files\Android\Android Studio\jbr\bin\management.dll
0x00007ffa24b00000 - 0x00007ffa24b0b000 	C:\Program Files\Android\Android Studio\jbr\bin\management_ext.dll
0x00007ffa4b7b0000 - 0x00007ffa4b7b8000 	C:\WINDOWS\System32\PSAPI.DLL
0x00007ffa48ff0000 - 0x00007ffa49023000 	C:\WINDOWS\SYSTEM32\IPHLPAPI.DLL
0x00007ffa4c0d0000 - 0x00007ffa4c0da000 	C:\WINDOWS\System32\NSI.dll
0x00007ffa2aea0000 - 0x00007ffa2aea9000 	C:\Program Files\Android\Android Studio\jbr\bin\extnet.dll
0x00007ffa49f80000 - 0x00007ffa49f9b000 	C:\WINDOWS\SYSTEM32\CRYPTSP.dll
0x00007ffa495a0000 - 0x00007ffa495d9000 	C:\WINDOWS\system32\rsaenh.dll
0x00007ffa49c90000 - 0x00007ffa49cc2000 	C:\WINDOWS\SYSTEM32\USERENV.dll
0x00007ffa4a890000 - 0x00007ffa4a8ba000 	C:\WINDOWS\SYSTEM32\bcrypt.dll
0x00007ffa49e40000 - 0x00007ffa49e4c000 	C:\WINDOWS\SYSTEM32\CRYPTBASE.dll
0x00007ffa3a3f0000 - 0x00007ffa3a3f8000 	C:\WINDOWS\system32\wshunix.dll
0x00007ffa14d40000 - 0x00007ffa14d58000 	C:\WINDOWS\system32\napinsp.dll
0x00007ffa49080000 - 0x00007ffa491d6000 	C:\WINDOWS\SYSTEM32\DNSAPI.dll
0x00007ffa499f0000 - 0x00007ffa499fd000 	C:\WINDOWS\SYSTEM32\DSPARSE.dll
0x00007ffa14d20000 - 0x00007ffa14d33000 	C:\WINDOWS\System32\winrnr.dll
0x00007ffa14cf0000 - 0x00007ffa14d12000 	C:\WINDOWS\system32\nlansp_c.dll
0x00007ffa14cd0000 - 0x00007ffa14ce6000 	C:\WINDOWS\system32\wshbth.dll
0x00007ffa39b70000 - 0x00007ffa39b7b000 	C:\Windows\System32\rasadhlp.dll
0x00007ffa42710000 - 0x00007ffa42796000 	C:\WINDOWS\System32\fwpuclnt.dll
0x00007ffa3a3a0000 - 0x00007ffa3a3a7000 	C:\Program Files\Android\Android Studio\jbr\bin\rmi.dll
0x00007ffa471e0000 - 0x00007ffa47280000 	C:\WINDOWS\system32\apphelp.dll

dbghelp: loaded successfully - version: 4.0.5 - missing functions: none
symbol engine: initialized successfully - sym options: 0x614 - pdb path: .;C:\Program Files\Android\Android Studio\jbr\bin;C:\WINDOWS\SYSTEM32;C:\WINDOWS\WinSxS\amd64_microsoft.windows.common-controls_6595b64144ccf1df_6.0.26100.8875_none_3e0d5d42e32fe9dd;C:\Program Files\Android\Android Studio\jbr\bin\server;C:\Users\mimim\.gradle\native\660c5614fbf4a5f2a75b1949f50a0caf5cd603558e7d8a26e50b933a0cfb79d1\windows-amd64;C:\Users\mimim\.gradle\native\0.2.8\x86_64-windows-gnu

VM Arguments:
jvm_args: --add-opens=java.base/java.lang=ALL-UNNAMED --add-opens=java.base/java.lang.invoke=ALL-UNNAMED --add-opens=java.base/java.util=ALL-UNNAMED --add-opens=java.prefs/java.util.prefs=ALL-UNNAMED --add-exports=jdk.compiler/com.sun.tools.javac.api=ALL-UNNAMED --add-exports=jdk.compiler/com.sun.tools.javac.util=ALL-UNNAMED --add-opens=java.base/java.util=ALL-UNNAMED --add-opens=java.prefs/java.util.prefs=ALL-UNNAMED --add-opens=java.base/java.nio.charset=ALL-UNNAMED --add-opens=java.base/java.net=ALL-UNNAMED --add-opens=java.base/java.util.concurrent=ALL-UNNAMED --add-opens=java.base/java.util.concurrent.atomic=ALL-UNNAMED --add-opens=java.xml/javax.xml.namespace=ALL-UNNAMED --add-opens=java.base/java.time=ALL-UNNAMED -Xmx4g -Dfile.encoding=UTF-8 -Duser.country=US -Duser.language=en -Duser.variant -javaagent:C:\Users\mimim\.gradle\wrapper\dists\gradle-9.3.0-bin\79n14ral3mx1ozqr3csh2u872\gradle-9.3.0\lib\agents\gradle-instrumentation-agent-9.3.0.jar 
java_command: org.gradle.launcher.daemon.bootstrap.GradleDaemon 9.3.0
java_class_path (initial): C:\Users\mimim\.gradle\wrapper\dists\gradle-9.3.0-bin\79n14ral3mx1ozqr3csh2u872\gradle-9.3.0\lib\gradle-daemon-main-9.3.0.jar
Launcher Type: SUN_STANDARD

[Global flags]
     intx CICompilerCount                          = 3                                         {product} {ergonomic}
     uint ConcGCThreads                            = 1                                         {product} {ergonomic}
     uint G1ConcRefinementThreads                  = 4                                         {product} {ergonomic}
   size_t G1HeapRegionSize                         = 2097152                                   {product} {ergonomic}
    uintx GCDrainStackTargetSize                   = 64                                        {product} {ergonomic}
   size_t InitialHeapSize                          = 130023424                                 {product} {ergonomic}
   size_t MarkStackSize                            = 4194304                                   {product} {ergonomic}
   size_t MaxHeapSize                              = 4294967296                                {product} {command line}
   size_t MaxNewSize                               = 2575302656                                {product} {ergonomic}
   size_t MinHeapDeltaBytes                        = 2097152                                   {product} {ergonomic}
   size_t MinHeapSize                              = 8388608                                   {product} {ergonomic}
    uintx NonNMethodCodeHeapSize                   = 5832780                                {pd product} {ergonomic}
    uintx NonProfiledCodeHeapSize                  = 122912730                              {pd product} {ergonomic}
    uintx ProfiledCodeHeapSize                     = 122912730                              {pd product} {ergonomic}
    uintx ReservedCodeCacheSize                    = 251658240                              {pd product} {ergonomic}
     bool SegmentedCodeCache                       = true                                      {product} {ergonomic}
   size_t SoftMaxHeapSize                          = 4294967296                             {manageable} {ergonomic}
     bool UseCompressedOops                        = true                           {product lp64_product} {ergonomic}
     bool UseG1GC                                  = true                                      {product} {ergonomic}
     bool UseLargePagesIndividualAllocation        = false                                  {pd product} {ergonomic}

Logging:
Log output configuration:
 #0: stdout all=warning uptime,level,tags foldmultilines=false
 #1: stderr all=off uptime,level,tags foldmultilines=false

Environment Variables:
JAVA_HOME=C:\Program Files\Android\Android Studio\jbr
PATH=c:\Users\mimim\AppData\Roaming\Code\User\globalStorage\github.copilot-chat\debugCommand;c:\Users\mimim\AppData\Roaming\Code\User\globalStorage\github.copilot-chat\copilotCli;C:\Developement\Flutter\flutter\bin\cache\dart-sdk\bin\;C:\WINDOWS\system32;C:\WINDOWS;C:\WINDOWS\System32\Wbem;C:\WINDOWS\System32\WindowsPowerShell\v1.0\;C:\WINDOWS\System32\OpenSSH\;C:\Program Files\Git\cmd;C:\Program Files (x86)\Windows Kits\10\Windows Performance Toolkit\;C:\Users\mimim\AppData\Local\Microsoft\WindowsApps;C:\Users\mimim\AppData\Local\GitHubDesktop\bin;C:\Users\mimim\AppData\Local\Programs\Microsoft VS Code\bin;C:\Users\mimim\AppData\Local\Python\bin;C:\Developement\Flutter\flutter\bin;C:\Users\mimim\AppData\Local\Programs\cursor\resources\app\bin;;c:\Users\mimim\.vscode\extensions\ms-python.debugpy-2026.6.0-win32-x64\bundled\scripts\noConfigScripts
USERNAME=Azrael
LANG=en_US.UTF-8
OS=Windows_NT
PROCESSOR_IDENTIFIER=Intel64 Family 6 Model 140 Stepping 1, GenuineIntel
TMP=C:\Users\mimim\AppData\Local\Temp
TEMP=C:\Users\mimim\AppData\Local\Temp




Periodic native trim disabled

JNI global refs:
JNI global refs: 30, weak refs: 39

JNI global refs memory usage: 835, weak refs: 833

Process memory usage:
Resident Set Size: 285548K (3% of 7999636K total physical memory with 1046392K free physical memory)

OOME stack traces (most recent first):
Classloader memory used:
Loader org.gradle.internal.classloader.VisitableURLClassLoader                         : 114M
Loader org.gradle.internal.classloader.VisitableURLClassLoader$InstrumentingVisitableURLClassLoader: 56748K
Loader bootstrap                                                                       : 33353K
Loader org.gradle.initialization.MixInLegacyTypesClassLoader                           : 12404K
Loader java.net.URLClassLoader                                                         : 2773K
Loader jdk.internal.reflect.DelegatingClassLoader                                      : 658K
Loader jdk.internal.loader.ClassLoaders$PlatformClassLoader                            : 511K
Loader jdk.internal.jrtfs.JrtFileSystemProvider$JrtFsLoader                            : 341K
Loader jdk.internal.loader.ClassLoaders$AppClassLoader                                 : 235K
Loader org.gradle.internal.classloader.VisitableURLClassLoader                         : 131K
Loader sun.reflect.misc.MethodUtil                                                     : 2952B

Classes loaded by more than one classloader:
Class Program                                                                         : loaded 8 times (x 68B)
Class org.jetbrains.kotlin.name.FqNameUnsafe                                          : loaded 3 times (x 68B)
Class org.jetbrains.kotlin.name.FqName                                                : loaded 3 times (x 68B)
Class org.jetbrains.kotlin.name.Name                                                  : loaded 3 times (x 71B)
Class org.jetbrains.kotlin.name.ClassId                                               : loaded 3 times (x 68B)
Class org.jetbrains.kotlin.name.ClassId$Companion                                     : loaded 3 times (x 67B)
Class com.google.common.collect.RegularImmutableMap$KeySet                            : loaded 2 times (x 146B)
Class org.gradle.internal.classloader.FilteringClassLoader                            : loaded 2 times (x 101B)
Class org.jetbrains.kotlin.load.kotlin.FileBasedKotlinClass$OuterAndInnerName         : loaded 2 times (x 68B)
Class kotlin.io.FilesKt__FileTreeWalkKt                                               : loaded 2 times (x 67B)
Class kotlin.sequences.FilteringSequence$iterator$1                                   : loaded 2 times (x 75B)
Class kotlin.sequences.SequencesKt__SequenceBuilderKt                                 : loaded 2 times (x 67B)
Class kotlin.collections.CollectionsKt__ReversedViewsKt                               : loaded 2 times (x 67B)
Class jdk.internal.jimage.BasicImageReader                                            : loaded 2 times (x 91B)
Class com.google.common.cache.LocalCache$ValueIterator                                : loaded 2 times (x 82B)
Class [Lcom.google.common.collect.MapMakerInternalMap$Segment;                        : loaded 2 times (x 65B)
Class com.google.common.io.FileWriteMode                                              : loaded 2 times (x 75B)
Class [Lcom.google.common.base.AbstractIterator$State;                                : loaded 2 times (x 65B)
Class com.google.common.base.CharMatcher$IsEither                                     : loaded 2 times (x 107B)
Class org.gradle.internal.classloader.ClassLoaderHierarchy                            : loaded 2 times (x 66B)
Class org.jetbrains.org.objectweb.asm.tree.Util                                       : loaded 2 times (x 67B)
Class [Lcom.google.common.cache.RemovalCause;                                         : loaded 2 times (x 65B)
Class com.google.common.collect.AbstractMapBasedMultimap$WrappedCollection            : loaded 2 times (x 120B)
Class com.google.common.collect.ImmutableEnumSet                                      : loaded 2 times (x 142B)
Class com.google.common.util.concurrent.ExecutionError                                : loaded 2 times (x 78B)
Class com.google.common.collect.ImmutableList$1                                       : loaded 2 times (x 93B)
Class org.gradle.api.internal.classpath.ManifestUtil                                  : loaded 2 times (x 67B)
Class com.google.common.io.ByteArrayDataOutput                                        : loaded 2 times (x 66B)
Class com.google.common.collect.RegularImmutableMap                                   : loaded 2 times (x 117B)
Class com.google.common.collect.ImmutableMap$MapViewOfValuesAsSingletonSets           : loaded 2 times (x 121B)
Class org.jetbrains.org.objectweb.asm.tree.FieldInsnNode                              : loaded 2 times (x 75B)
Class jdk.internal.jimage.decompressor.StringSharingDecompressorFactory               : loaded 2 times (x 70B)
Class com.google.common.cache.LocalCache$Values                                       : loaded 2 times (x 114B)
Class com.google.common.collect.TransformedListIterator                               : loaded 2 times (x 89B)
Class org.jetbrains.kotlin.config.ExplicitApiMode$Companion                           : loaded 2 times (x 67B)
Class [Lorg.objectweb.asm.Symbol;                                                     : loaded 2 times (x 65B)
Class org.objectweb.asm.ClassVisitor                                                  : loaded 2 times (x 84B)
Class com.google.common.collect.UnmodifiableListIterator                              : loaded 2 times (x 91B)
Class org.jetbrains.kotlin.name.FqNameUnsafe$1                                        : loaded 2 times (x 70B)
Class com.google.common.collect.MapMakerInternalMap$StrongKeyDummyValueEntry$LinkedStrongKeyDummyValueEntry: loaded 2 times (x 78B)
Class com.google.common.collect.MapMakerInternalMap$Strength                          : loaded 2 times (x 76B)
Class org.objectweb.asm.MethodTooLargeException                                       : loaded 2 times (x 79B)
Class [Lcom.google.common.cache.CacheBuilder$OneWeigher;                              : loaded 2 times (x 65B)
Class com.google.common.base.Suppliers                                                : loaded 2 times (x 67B)
Class com.google.common.base.Platform$JdkPatternCompiler                              : loaded 2 times (x 71B)
Class org.gradle.internal.classloader.DefaultClassLoaderFactory                       : loaded 2 times (x 78B)
Class org.jetbrains.org.objectweb.asm.ClassVisitor                                    : loaded 2 times (x 83B)
Class kotlin.sequences.SequencesKt___SequencesKt                                      : loaded 2 times (x 67B)
Class kotlin.collections.AbstractList$Companion                                       : loaded 2 times (x 67B)
Class [Lcom.google.common.collect.AbstractIterator$State;                             : loaded 2 times (x 65B)
Class org.jetbrains.kotlin.config.LanguageVersionSettings                             : loaded 2 times (x 66B)
Class com.google.common.base.CharMatcher$None                                         : loaded 2 times (x 108B)
Class org.gradle.internal.classloader.ClassLoaderVisitor                              : loaded 2 times (x 72B)
Class org.jetbrains.org.objectweb.asm.tree.FrameNode                                  : loaded 2 times (x 75B)
Class org.jetbrains.org.objectweb.asm.ClassReader                                     : loaded 2 times (x 87B)
Class [Lcom.google.common.collect.ImmutableMapEntry;                                  : loaded 2 times (x 65B)
Class org.gradle.api.internal.classpath.EffectiveClassPath                            : loaded 2 times (x 86B)
Class kotlin.text.StringsKt__AppendableKt                                             : loaded 2 times (x 67B)
Class com.google.common.collect.ImmutableRangeSet                                     : loaded 2 times (x 111B)
Class com.google.common.collect.ImmutableEnumMap                                      : loaded 2 times (x 121B)
Class com.google.common.collect.ListMultimap                                          : loaded 2 times (x 66B)
Class com.google.common.collect.Iterators$EmptyModifiableIterator                     : loaded 2 times (x 82B)
Class com.google.common.collect.ImmutableSet$SerializedForm                           : loaded 2 times (x 69B)
Class com.google.common.collect.Sets$1                                                : loaded 2 times (x 135B)
Class org.objectweb.asm.AnnotationVisitor                                             : loaded 2 times (x 74B)
Class com.google.common.base.Splitter                                                 : loaded 2 times (x 68B)
Class org.gradle.api.internal.DefaultClassPathProvider                                : loaded 2 times (x 72B)
Class kotlin.sequences.Sequence                                                       : loaded 2 times (x 66B)
Class kotlin.text.StringsKt__StringNumberConversionsJVMKt                             : loaded 2 times (x 67B)
Class com.google.common.collect.MapMakerInternalMap$Strength$1                        : loaded 2 times (x 76B)
Class com.google.common.collect.Maps$ViewCachingAbstractMap                           : loaded 2 times (x 121B)
Class [Lcom.google.common.base.Function;                                              : loaded 2 times (x 65B)
Class com.google.common.collect.Sets$2                                                : loaded 2 times (x 135B)
Class [Lorg.gradle.api.internal.ClassPathProvider;                                    : loaded 2 times (x 65B)
Class org.gradle.api.internal.ClassPathProvider                                       : loaded 2 times (x 66B)
Class org.jetbrains.kotlin.load.java.JvmAnnotationNames                               : loaded 2 times (x 67B)
Class com.google.common.collect.MapMakerInternalMap$Strength$2                        : loaded 2 times (x 76B)
Class org.jetbrains.kotlin.cli.common.CompilerSystemProperties                        : loaded 2 times (x 76B)
Class [Lorg.objectweb.asm.AnnotationVisitor;                                          : loaded 2 times (x 65B)
Class com.google.common.collect.Sets$3                                                : loaded 2 times (x 135B)
Class com.google.common.cache.LocalCache$LocalLoadingCache                            : loaded 2 times (x 130B)
Class com.google.common.base.AbstractIterator$State                                   : loaded 2 times (x 75B)
Class org.gradle.internal.service.UnknownServiceException                             : loaded 2 times (x 79B)
Class org.jetbrains.org.objectweb.asm.tree.TableSwitchInsnNode                        : loaded 2 times (x 75B)
Class [Lorg.jetbrains.org.objectweb.asm.Attribute;                                    : loaded 2 times (x 65B)
Class com.google.common.io.ByteArrayDataInput                                         : loaded 2 times (x 66B)
Class com.google.common.collect.MapMakerInternalMap$StrongValueEntry                  : loaded 2 times (x 66B)
Class org.jetbrains.kotlin.config.JvmDefaultMode                                      : loaded 2 times (x 75B)
Class com.google.common.collect.Sets$4                                                : loaded 2 times (x 135B)
Class org.objectweb.asm.ModuleVisitor                                                 : loaded 2 times (x 77B)
Class com.google.common.cache.LocalCache$Strength$1                                   : loaded 2 times (x 77B)
Class com.google.common.collect.Collections2$FilteredCollection                       : loaded 2 times (x 115B)
Class org.jetbrains.kotlin.cli.common.messages.CompilerMessageSeverity                : loaded 2 times (x 75B)
Class com.google.common.util.concurrent.SettableFuture                                : loaded 2 times (x 110B)
Class com.google.common.cache.LocalCache$Strength$2                                   : loaded 2 times (x 77B)
Class kotlin.collections.ArraysKt___ArraysJvmKt                                       : loaded 2 times (x 67B)
Class kotlin.collections.CollectionsKt__CollectionsKt                                 : loaded 2 times (x 67B)
Class kotlin.text.StringsKt__RegexExtensionsJVMKt                                     : loaded 2 times (x 67B)
Class com.google.common.io.ByteStreams                                                : loaded 2 times (x 67B)
Class com.google.common.collect.Interners$InternerImpl                                : loaded 2 times (x 71B)
Class com.google.common.collect.Interner                                              : loaded 2 times (x 66B)
Class com.google.common.collect.TransformedIterator                                   : loaded 2 times (x 76B)
Class [Lcom.google.common.collect.Maps$EntryFunction;                                 : loaded 2 times (x 65B)
Class com.google.common.cache.LocalCache$Strength$3                                   : loaded 2 times (x 77B)
Class com.google.common.collect.MapDifference                                         : loaded 2 times (x 66B)
Class com.google.common.base.Splitter$1                                               : loaded 2 times (x 73B)
Class kotlin._Assertions                                                              : loaded 2 times (x 67B)
Class com.google.common.collect.MapMaker$Dummy                                        : loaded 2 times (x 75B)
Class org.objectweb.asm.FieldWriter                                                   : loaded 2 times (x 74B)
Class com.google.common.cache.CacheBuilder$NullListener                               : loaded 2 times (x 78B)
Class org.gradle.internal.classpath.TransformedClassPath                              : loaded 2 times (x 92B)
Class org.gradle.internal.classloader.InstrumentingClassLoader                        : loaded 2 times (x 66B)
Class [Lorg.jetbrains.org.objectweb.asm.SymbolTable$Entry;                            : loaded 2 times (x 65B)
Class org.jetbrains.kotlin.resolve.jvm.JvmClassName                                   : loaded 2 times (x 72B)
Class kotlin.enums.EnumEntriesList                                                    : loaded 2 times (x 219B)
Class com.google.common.collect.ImmutableListMultimap                                 : loaded 2 times (x 172B)
Class com.google.common.collect.Maps$IteratorBasedAbstractMap$1                       : loaded 2 times (x 134B)
Class com.google.common.collect.ImmutableRangeSet$AsSet                               : loaded 2 times (x 295B)
Class com.google.common.cache.CacheLoader$FunctionToCacheLoader                       : loaded 2 times (x 71B)
Class com.google.common.collect.Iterators$ArrayItr                                    : loaded 2 times (x 93B)
Class com.google.common.collect.ImmutableCollection$Builder                           : loaded 2 times (x 72B)
Class kotlin.comparisons.ComparisonsKt___ComparisonsJvmKt                             : loaded 2 times (x 67B)
Class kotlin.collections.CollectionsKt__IteratorsJVMKt                                : loaded 2 times (x 67B)
Class com.google.common.collect.EmptyImmutableListMultimap                            : loaded 2 times (x 172B)
Class com.google.common.collect.BaseImmutableMultimap                                 : loaded 2 times (x 119B)
Class org.jetbrains.kotlin.config.LanguageFeature                                     : loaded 2 times (x 76B)
Class com.google.common.base.Joiner                                                   : loaded 2 times (x 75B)
Class com.google.common.base.MoreObjects                                              : loaded 2 times (x 67B)
Class org.jetbrains.org.objectweb.asm.tree.LabelNode                                  : loaded 2 times (x 76B)
Class org.jetbrains.kotlin.build.report.metrics.GradleBuildTime                       : loaded 2 times (x 82B)
Class org.jetbrains.kotlin.config.LanguageOrApiVersion                                : loaded 2 times (x 66B)
Class [Lorg.objectweb.asm.Type;                                                       : loaded 2 times (x 65B)
Class com.google.common.collect.Platform                                              : loaded 2 times (x 67B)
Class com.google.common.collect.UnmodifiableIterator                                  : loaded 2 times (x 76B)
Class org.gradle.internal.service.ServiceLocator                                      : loaded 2 times (x 66B)
Class kotlin.Pair                                                                     : loaded 2 times (x 68B)
Class [Lkotlin.Function;                                                              : loaded 2 times (x 65B)
Class jdk.internal.jrtfs.JrtFileSystemProvider                                        : loaded 2 times (x 97B)
Class com.google.common.collect.HashBiMap$BiEntry                                     : loaded 2 times (x 79B)
Class com.google.common.collect.SingletonImmutableBiMap                               : loaded 2 times (x 139B)
Class com.google.common.base.Ascii                                                    : loaded 2 times (x 67B)
Class com.google.common.cache.LocalCache$1                                            : loaded 2 times (x 85B)
Class com.google.common.collect.AbstractMapEntry                                      : loaded 2 times (x 77B)
Class kotlin.io.CloseableKt                                                           : loaded 2 times (x 67B)
Class kotlin.collections.CollectionsKt__MutableCollectionsKt                          : loaded 2 times (x 67B)
Class com.google.common.collect.MapMakerInternalMap$AbstractStrongKeyEntry            : loaded 2 times (x 76B)
Class com.google.common.collect.Sets$ImprovedAbstractSet                              : loaded 2 times (x 131B)
Class com.google.common.collect.ImmutableList$Builder                                 : loaded 2 times (x 73B)
Class com.google.common.cache.LocalCache$2                                            : loaded 2 times (x 138B)
Class com.google.common.collect.AbstractMultimap                                      : loaded 2 times (x 119B)
Class kotlin.io.TerminateException                                                    : loaded 2 times (x 78B)
Class kotlin.io.FilesKt__FilePathComponentsKt                                         : loaded 2 times (x 67B)
Class com.google.common.collect.ImmutableRangeSet$1                                   : loaded 2 times (x 205B)
Class com.google.common.collect.RegularImmutableAsList                                : loaded 2 times (x 212B)
Class org.jetbrains.org.objectweb.asm.tree.InsnList                                   : loaded 2 times (x 99B)
Class com.google.common.base.Optional                                                 : loaded 2 times (x 76B)
Class org.jetbrains.kotlin.cli.common.messages.MessageCollector$Companion             : loaded 2 times (x 67B)
Class com.google.common.collect.Range                                                 : loaded 2 times (x 83B)
Class com.google.common.util.concurrent.AbstractFuture$Trusted                        : loaded 2 times (x 66B)
Class com.google.common.collect.Iterators                                             : loaded 2 times (x 67B)
Class org.jetbrains.org.objectweb.asm.tree.MethodInsnNode                             : loaded 2 times (x 75B)
Class org.jetbrains.org.objectweb.asm.tree.MethodNode                                 : loaded 2 times (x 105B)
Class org.jetbrains.kotlin.load.kotlin.KotlinJvmBinaryClass                           : loaded 2 times (x 66B)
Class [Lorg.jetbrains.kotlin.build.report.metrics.BuildTime;                          : loaded 2 times (x 65B)
Class jdk.internal.jimage.ImageLocation                                               : loaded 2 times (x 86B)
Class com.google.common.io.ByteSink$AsCharSink                                        : loaded 2 times (x 76B)
Class com.google.common.util.concurrent.UncheckedExecutionException                   : loaded 2 times (x 78B)
Class com.google.common.collect.Lists$StringAsImmutableList                           : loaded 2 times (x 203B)
Class org.jetbrains.org.objectweb.asm.ClassTooLargeException                          : loaded 2 times (x 79B)
Class org.jetbrains.kotlin.metadata.jvm.deserialization.JvmMemberSignature$Method     : loaded 2 times (x 71B)
Class org.jetbrains.org.objectweb.asm.tree.IntInsnNode                                : loaded 2 times (x 74B)
Class kotlin.collections.EmptyList                                                    : loaded 2 times (x 170B)
Class kotlin.collections.MapsKt__MapsJVMKt                                            : loaded 2 times (x 67B)
Class jdk.internal.jimage.ImageBufferCache$1                                          : loaded 2 times (x 79B)
Class com.google.common.collect.AbstractMapBasedMultimap$KeySet$1                     : loaded 2 times (x 78B)
Class org.objectweb.asm.ClassWriter                                                   : loaded 2 times (x 102B)
Class com.google.common.cache.CacheLoader$UnsupportedLoadingOperationException        : loaded 2 times (x 78B)
Class com.google.common.base.CharMatcher$And                                          : loaded 2 times (x 108B)
Class org.gradle.internal.classloader.ClasspathUtil$1                                 : loaded 2 times (x 72B)
Class jdk.internal.jimage.ImageBufferCache$2                                          : loaded 2 times (x 87B)
Class com.google.common.collect.FluentIterable$1                                      : loaded 2 times (x 77B)
Class com.google.common.base.Objects                                                  : loaded 2 times (x 67B)
Class org.objectweb.asm.FieldVisitor                                                  : loaded 2 times (x 73B)
Class com.google.common.collect.IndexedImmutableSet                                   : loaded 2 times (x 146B)
Class com.google.common.collect.ImmutableMap$1                                        : loaded 2 times (x 77B)
Class com.google.common.base.Equivalence$Identity                                     : loaded 2 times (x 78B)
Class org.gradle.api.internal.classpath.DefaultModuleRegistry$DefaultModule           : loaded 2 times (x 82B)
Class com.google.common.base.PairwiseEquivalence                                      : loaded 2 times (x 79B)
Class com.google.common.collect.FluentIterable$2                                      : loaded 2 times (x 77B)
Class com.google.common.base.Absent                                                   : loaded 2 times (x 76B)
Class com.google.common.primitives.Ints                                               : loaded 2 times (x 67B)
Class com.google.common.collect.AbstractIterator                                      : loaded 2 times (x 78B)
Class org.jetbrains.org.objectweb.asm.tree.JumpInsnNode                               : loaded 2 times (x 74B)
Class org.jetbrains.org.objectweb.asm.FieldVisitor                                    : loaded 2 times (x 72B)
Class kotlin.collections.ArraysKt__ArraysKt                                           : loaded 2 times (x 67B)
Class com.google.common.collect.FluentIterable$3                                      : loaded 2 times (x 77B)
Class com.google.common.math.MathPreconditions                                        : loaded 2 times (x 67B)
Class com.google.common.collect.Multiset                                              : loaded 2 times (x 66B)
Class com.google.common.collect.ArrayListMultimapGwtSerializationDependencies         : loaded 2 times (x 168B)
Class com.google.common.collect.ObjectArrays                                          : loaded 2 times (x 67B)
Class com.google.common.collect.AbstractIndexedListIterator                           : loaded 2 times (x 92B)
Class kotlin.collections.SetsKt__SetsJVMKt                                            : loaded 2 times (x 67B)
Class kotlin.Function                                                                 : loaded 2 times (x 66B)
Class com.google.common.collect.ImmutableMapEntrySet                                  : loaded 2 times (x 147B)
Class org.gradle.api.internal.classpath.Module                                        : loaded 2 times (x 66B)
Class kotlin.io.FileAlreadyExistsException                                            : loaded 2 times (x 78B)
Class org.jetbrains.kotlin.cli.common.messages.CompilerMessageLocationWithRange$Companion: loaded 2 times (x 67B)
Class com.google.common.cache.Weigher                                                 : loaded 2 times (x 66B)
Class org.gradle.api.internal.classpath.UnknownModuleException                        : loaded 2 times (x 78B)
Class jdk.internal.jimage.ImageHeader                                                 : loaded 2 times (x 67B)
Class org.jetbrains.kotlin.config.ApiVersion                                          : loaded 2 times (x 82B)
Class com.google.common.base.Stopwatch                                                : loaded 2 times (x 68B)
Class com.google.common.cache.LocalCache$Strength                                     : loaded 2 times (x 77B)
Class com.google.common.cache.Cache                                                   : loaded 2 times (x 66B)
Class org.jetbrains.kotlin.build.report.metrics.BuildMetricsReporter                  : loaded 2 times (x 66B)
Class com.google.common.io.AppendableWriter                                           : loaded 2 times (x 96B)
Class com.google.common.util.concurrent.AbstractFuture$Cancellation                   : loaded 2 times (x 68B)
Class com.google.common.collect.ImmutableMap$Builder                                  : loaded 2 times (x 78B)
Class com.google.common.base.NullnessCasts                                            : loaded 2 times (x 67B)
Class org.jetbrains.org.objectweb.asm.tree.VarInsnNode                                : loaded 2 times (x 74B)
Class org.jetbrains.org.objectweb.asm.FieldWriter                                     : loaded 2 times (x 73B)
Class org.jetbrains.org.objectweb.asm.MethodVisitor                                   : loaded 2 times (x 100B)
Class kotlin.io.ByteStreamsKt                                                         : loaded 2 times (x 67B)
Class com.google.common.collect.AbstractMapBasedMultimap$WrappedCollection$WrappedIterator: loaded 2 times (x 80B)
Class com.google.common.collect.Maps$EntryFunction$1                                  : loaded 2 times (x 87B)
Class com.google.common.base.Present                                                  : loaded 2 times (x 77B)
Class com.google.common.cache.RemovalListener                                         : loaded 2 times (x 66B)
Class org.gradle.api.internal.DefaultClassPathRegistry                                : loaded 2 times (x 72B)
Class com.google.common.collect.ImmutableMultimap$Keys                                : loaded 2 times (x 162B)
Class com.google.common.collect.Maps$EntryFunction$2                                  : loaded 2 times (x 87B)
Class org.jetbrains.kotlin.load.java.JvmAbi                                           : loaded 2 times (x 67B)
Class org.jetbrains.kotlin.cli.common.messages.MessageCollector                       : loaded 2 times (x 66B)
Class [Lorg.jetbrains.kotlin.config.JvmDefaultMode;                                   : loaded 2 times (x 65B)
Class com.google.common.primitives.IntsMethodsForWeb                                  : loaded 2 times (x 67B)
Class com.google.common.collect.Multimap                                              : loaded 2 times (x 66B)
Class org.gradle.api.internal.ClassPathRegistry                                       : loaded 2 times (x 66B)
Class org.gradle.internal.classpath.DefaultClassPath$ImmutableUniqueList              : loaded 2 times (x 195B)
Class org.gradle.kotlin.dsl.DebugImplementationConfigurationAccessorsKt               : loaded 2 times (x 67B)
Class org.jetbrains.org.objectweb.asm.ByteVector                                      : loaded 2 times (x 74B)
Class kotlin.text.StringsKt__StringsJVMKt                                             : loaded 2 times (x 67B)
Class jdk.internal.jimage.decompressor.ResourceDecompressor                           : loaded 2 times (x 66B)
Class com.google.common.collect.NullnessCasts                                         : loaded 2 times (x 67B)
Class com.google.common.collect.MapMakerInternalMap$Segment                           : loaded 2 times (x 138B)
Class com.google.common.base.ExtraObjectsMethodsForWeb                                : loaded 2 times (x 67B)
Class com.google.common.io.LineReader                                                 : loaded 2 times (x 68B)
Class org.jetbrains.org.objectweb.asm.tree.LookupSwitchInsnNode                       : loaded 2 times (x 74B)
Class kotlin.collections.SetsKt                                                       : loaded 2 times (x 67B)
Class kotlin.text.StringsKt__IndentKt                                                 : loaded 2 times (x 67B)
Class com.google.common.cache.RemovalCause                                            : loaded 2 times (x 76B)
Class com.google.common.io.ByteSink                                                   : loaded 2 times (x 72B)
Class org.jetbrains.kotlin.cli.common.messages.CompilerMessageSourceLocation          : loaded 2 times (x 66B)
Class org.jetbrains.kotlin.config.JvmDefaultMode$Companion                            : loaded 2 times (x 67B)
Class com.google.common.cache.CacheBuilder                                            : loaded 2 times (x 68B)
Class com.google.common.collect.SingletonImmutableList                                : loaded 2 times (x 203B)
Class Settings_gradle$1                                                               : loaded 2 times (x 70B)
Class org.gradle.internal.classpath.ClassPath                                         : loaded 2 times (x 66B)
Class org.jetbrains.kotlin.load.kotlin.FileBasedKotlinClass$1                         : loaded 2 times (x 83B)
Class kotlin.sequences.SequencesKt__SequencesKt$asSequence$$inlined$Sequence$1        : loaded 2 times (x 71B)
Class com.google.common.collect.Interners$InternerBuilder                             : loaded 2 times (x 72B)
Class com.google.common.io.Files$FileByteSource                                       : loaded 2 times (x 81B)
Class com.google.common.collect.ImmutableList$ReverseImmutableList                    : loaded 2 times (x 204B)
Class com.google.common.base.JdkPattern                                               : loaded 2 times (x 71B)
Class org.jetbrains.kotlin.load.kotlin.FileBasedKotlinClass$2                         : loaded 2 times (x 83B)
Class kotlin.collections.MapsKt__MapsKt                                               : loaded 2 times (x 67B)
Class com.google.common.io.CharStreams$NullWriter                                     : loaded 2 times (x 95B)
Class org.jetbrains.kotlin.cli.common.arguments.Freezable                             : loaded 2 times (x 68B)
Class org.objectweb.asm.SymbolTable$Entry                                             : loaded 2 times (x 70B)
Class org.jetbrains.org.objectweb.asm.ClassWriter                                     : loaded 2 times (x 100B)
Class org.jetbrains.kotlin.load.kotlin.FileBasedKotlinClass$3                         : loaded 2 times (x 73B)
Class jdk.internal.jimage.ImageStringsReader                                          : loaded 2 times (x 76B)
Class org.objectweb.asm.Edge                                                          : loaded 2 times (x 68B)
Class com.google.common.base.Suppliers$SupplierOfInstance                             : loaded 2 times (x 75B)
Class com.google.common.collect.Iterators$1                                           : loaded 2 times (x 77B)
Class org.jetbrains.kotlin.load.kotlin.FileBasedKotlinClass$4                         : loaded 2 times (x 83B)
Class kotlin.UninitializedPropertyAccessException                                     : loaded 2 times (x 78B)
Class com.google.common.cache.LocalCache$ComputingValueReference                      : loaded 2 times (x 92B)
Class com.google.common.collect.SingletonImmutableSet                                 : loaded 2 times (x 142B)
Class com.google.common.collect.ImmutableMap$IteratorBasedImmutableMap                : loaded 2 times (x 121B)
Class jdk.internal.jimage.ImageReader                                                 : loaded 2 times (x 71B)
Class com.google.common.collect.AbstractMapBasedMultimap$AsMap$AsMapEntries           : loaded 2 times (x 134B)
Class [Lorg.jetbrains.kotlin.cli.common.messages.CompilerMessageSeverity;             : loaded 2 times (x 65B)
Class com.google.common.cache.LocalCache$Segment                                      : loaded 2 times (x 150B)
Class org.gradle.kotlin.dsl.Accessors7un1k8mtklqdc1zhu0wdlzdjiKt                      : loaded 2 times (x 67B)
Class jdk.internal.jimage.ImageReader$SharedImageReader                               : loaded 2 times (x 91B)
Class org.jetbrains.kotlin.utils.DescriptionAware                                     : loaded 2 times (x 66B)
Class com.google.common.collect.SortedIterable                                        : loaded 2 times (x 66B)
Class [Lorg.objectweb.asm.SymbolTable$Entry;                                          : loaded 2 times (x 65B)
Class com.google.common.cache.CacheLoader                                             : loaded 2 times (x 70B)
Class com.google.common.collect.Iterators$4                                           : loaded 2 times (x 78B)
Class com.google.common.collect.ImmutableBiMap                                        : loaded 2 times (x 139B)
Class com.google.common.collect.AbstractListMultimap                                  : loaded 2 times (x 168B)
Class org.gradle.api.internal.classpath.ModuleRegistry                                : loaded 2 times (x 66B)
Class org.gradle.internal.installation.GradleInstallation$1                           : loaded 2 times (x 71B)
Class org.jetbrains.org.objectweb.asm.AnnotationVisitor                               : loaded 2 times (x 73B)
Class jdk.internal.jimage.decompressor.ResourceDecompressorFactory                    : loaded 2 times (x 70B)
Class com.google.common.util.concurrent.internal.InternalFutureFailureAccess          : loaded 2 times (x 68B)
Class com.google.common.collect.Iterators$5                                           : loaded 2 times (x 78B)
Class com.google.common.collect.ImmutableSet$JdkBackedSetBuilderImpl                  : loaded 2 times (x 72B)
Class com.google.common.base.Splitter$SplittingIterator                               : loaded 2 times (x 80B)
Class Build_gradle$1$2$1                                                              : loaded 2 times (x 70B)
Class [Lorg.jetbrains.org.objectweb.asm.Type;                                         : loaded 2 times (x 65B)
Class kotlin.text.StringsKt__StringsKt                                                : loaded 2 times (x 67B)
Class com.google.common.collect.ImmutableMultimap$Values                              : loaded 2 times (x 122B)
Class com.google.common.collect.Iterators$6                                           : loaded 2 times (x 77B)
Class com.google.common.collect.HashBiMap$Inverse                                     : loaded 2 times (x 138B)
Class com.google.common.cache.LocalCache$LocalManualCache$1                           : loaded 2 times (x 71B)
Class com.google.common.base.CharMatcher$ForPredicate                                 : loaded 2 times (x 108B)
Class Build_gradle$1$2$2                                                              : loaded 2 times (x 71B)
Class kotlin.io.FilesKt__UtilsKt                                                      : loaded 2 times (x 67B)
Class kotlin.collections.CollectionsKt__CollectionsJVMKt                              : loaded 2 times (x 67B)
Class jdk.internal.jimage.ImageReader$Node                                            : loaded 2 times (x 80B)
Class org.jetbrains.kotlin.config.AnalysisFlag                                        : loaded 2 times (x 68B)
Class com.google.common.collect.ImmutableCollection                                   : loaded 2 times (x 121B)
Class com.google.common.base.CharMatcher$AnyOf                                        : loaded 2 times (x 108B)
Class org.gradle.api.internal.classpath.DefaultModuleRegistry                         : loaded 2 times (x 82B)
Class org.jetbrains.org.objectweb.asm.AnnotationWriter                                : loaded 2 times (x 74B)
Class org.jetbrains.kotlin.load.kotlin.KotlinJvmBinaryClass$AnnotationVisitor         : loaded 2 times (x 66B)
Class kotlin.sequences.SequencesKt                                                    : loaded 2 times (x 67B)
Class kotlin.collections.CollectionsKt__IteratorsKt                                   : loaded 2 times (x 67B)
Class org.jetbrains.kotlin.build.report.metrics.GradleBuildTime$Companion             : loaded 2 times (x 67B)
Class jdk.internal.jimage.BasicImageReader$1                                          : loaded 2 times (x 73B)
Class com.google.common.util.concurrent.ListenableFuture                              : loaded 2 times (x 66B)
Class com.google.common.cache.ReferenceEntry                                          : loaded 2 times (x 66B)
Class com.google.common.collect.ImmutableSet$CachingAsList                            : loaded 2 times (x 143B)
Class com.google.common.base.Converter                                                : loaded 2 times (x 86B)
Class com.google.common.collect.Lists                                                 : loaded 2 times (x 67B)
Class kotlin.text.StringsKt                                                           : loaded 2 times (x 67B)
Class com.google.common.util.concurrent.AbstractFuture                                : loaded 2 times (x 102B)
Class com.google.common.base.FunctionalEquivalence                                    : loaded 2 times (x 79B)
Class com.google.common.collect.Iterators$9                                           : loaded 2 times (x 77B)
Class com.google.common.collect.AbstractMapBasedMultimap                              : loaded 2 times (x 135B)
Class com.google.common.collect.ImmutableAsList                                       : loaded 2 times (x 205B)
Class kotlin.LazyKt__LazyJVMKt                                                        : loaded 2 times (x 67B)
Class com.google.common.io.CharStreams                                                : loaded 2 times (x 67B)
Class com.google.common.collect.ImmutableMultiset                                     : loaded 2 times (x 159B)
Class org.jetbrains.kotlin.config.ExplicitApiMode                                     : loaded 2 times (x 75B)
Class org.objectweb.asm.RecordComponentVisitor                                        : loaded 2 times (x 73B)
Class com.google.common.cache.CacheLoader$SupplierToCacheLoader                       : loaded 2 times (x 71B)
Class kotlin.io.FilesKt__FileReadWriteKt                                              : loaded 2 times (x 67B)
Class kotlin.text.StringsKt__StringNumberConversionsKt                                : loaded 2 times (x 67B)
Class jdk.internal.jimage.decompressor.Decompressor                                   : loaded 2 times (x 68B)
Class org.jetbrains.kotlin.cli.common.CompilerSystemProperties$value$1                : loaded 2 times (x 121B)
Class com.google.common.collect.Maps$EntryTransformer                                 : loaded 2 times (x 66B)
Class org.gradle.internal.service.ServiceLookupException                              : loaded 2 times (x 78B)
Class com.google.common.collect.Lists$ReverseList                                     : loaded 2 times (x 196B)
Class com.google.common.collect.ImmutableSortedSet                                    : loaded 2 times (x 295B)
Class [Lcom.google.common.cache.LocalCache$EntryFactory;                              : loaded 2 times (x 65B)
Class org.gradle.internal.classloader.ClassLoaderFactory                              : loaded 2 times (x 66B)
Class com.google.common.cache.LocalCache$LocalManualCache                             : loaded 2 times (x 95B)
Class com.google.common.base.CharMatcher$IsNot                                        : loaded 2 times (x 107B)
Class com.google.common.base.CommonPattern                                            : loaded 2 times (x 70B)
Class org.gradle.internal.service.CachingServiceLocator                               : loaded 2 times (x 78B)
Class com.google.common.collect.AbstractMapBasedMultimap$KeySet                       : loaded 2 times (x 133B)
Class com.google.common.collect.RegularImmutableSortedSet                             : loaded 2 times (x 295B)
Class com.google.common.math.IntMath                                                  : loaded 2 times (x 67B)
Class org.jetbrains.org.objectweb.asm.tree.AnnotationNode                             : loaded 2 times (x 75B)
Class org.jetbrains.kotlin.build.report.metrics.BuildTime                             : loaded 2 times (x 66B)
Class com.google.common.collect.MapMakerInternalMap$InternalEntry                     : loaded 2 times (x 66B)
Class [Lcom.google.common.collect.HashBiMap$BiEntry;                                  : loaded 2 times (x 65B)
Class com.google.common.collect.ImmutableMapEntry                                     : loaded 2 times (x 81B)
Class org.jetbrains.org.objectweb.asm.Type                                            : loaded 2 times (x 68B)
Class kotlin.NotImplementedError                                                      : loaded 2 times (x 78B)
Class kotlin.enums.EnumEntries                                                        : loaded 2 times (x 66B)
Class org.jetbrains.kotlin.build.report.metrics.DoNothingBuildMetricsReporter         : loaded 2 times (x 82B)
Class com.google.common.collect.ImmutableMultimap                                     : loaded 2 times (x 143B)
Class com.google.common.base.Predicates                                               : loaded 2 times (x 67B)
Class com.google.common.base.Equivalence                                              : loaded 2 times (x 78B)
Class com.google.common.collect.ImmutableMapEntry$NonTerminalImmutableMapEntry        : loaded 2 times (x 81B)
Class com.google.common.base.Function                                                 : loaded 2 times (x 66B)
Class com.google.common.collect.BiMap                                                 : loaded 2 times (x 66B)
Class com.google.common.collect.IndexedImmutableSet$1                                 : loaded 2 times (x 208B)
Class [Lorg.jetbrains.kotlin.cli.common.CompilerSystemProperties;                     : loaded 2 times (x 65B)
Class com.google.common.cache.CacheBuilder$OneWeigher                                 : loaded 2 times (x 78B)
Class com.google.common.collect.RegularImmutableList                                  : loaded 2 times (x 208B)
Class org.jetbrains.kotlin.load.kotlin.FileBasedKotlinClass                           : loaded 2 times (x 84B)
Class jdk.internal.jimage.ImageBufferCache                                            : loaded 2 times (x 67B)
Class jdk.internal.jrtfs.JrtPath                                                      : loaded 2 times (x 114B)
Class com.google.common.collect.Maps$EntryFunction                                    : loaded 2 times (x 87B)
Class org.gradle.internal.classloader.ClasspathUtil                                   : loaded 2 times (x 67B)
Class org.jetbrains.kotlin.metadata.jvm.deserialization.JvmMemberSignature            : loaded 2 times (x 70B)
Class org.jetbrains.kotlin.load.kotlin.header.KotlinClassHeader$Kind                  : loaded 2 times (x 75B)
Class org.jetbrains.kotlin.load.kotlin.KotlinJvmBinaryClass$AnnotationArgumentVisitor : loaded 2 times (x 66B)
Class kotlin.io.FileSystemException                                                   : loaded 2 times (x 78B)
Class com.google.common.util.concurrent.Uninterruptibles                              : loaded 2 times (x 67B)
Class org.jetbrains.org.objectweb.asm.ModuleVisitor                                   : loaded 2 times (x 76B)
Class com.google.common.collect.Maps                                                  : loaded 2 times (x 67B)
Class org.gradle.api.specs.Spec                                                       : loaded 2 times (x 66B)
Class org.jetbrains.kotlin.descriptors.SourceElement                                  : loaded 2 times (x 66B)
Class com.google.common.collect.MapMaker                                              : loaded 2 times (x 68B)
Class [Lcom.google.common.collect.ImmutableEntry;                                     : loaded 2 times (x 65B)
Class org.jetbrains.org.objectweb.asm.Symbol                                          : loaded 2 times (x 69B)
Class com.google.common.cache.LocalCache$LoadingValueReference                        : loaded 2 times (x 92B)
Class Build_gradle$1                                                                  : loaded 2 times (x 70B)
Class kotlin.SynchronizedLazyImpl                                                     : loaded 2 times (x 72B)
Class kotlin.text.StringsKt__RegexExtensionsKt                                        : loaded 2 times (x 67B)
Class jdk.internal.jimage.decompressor.ResourceDecompressorRepository                 : loaded 2 times (x 67B)
Class com.google.common.io.LineReader$1                                               : loaded 2 times (x 71B)
Class com.google.common.collect.CollectSpliterators                                   : loaded 2 times (x 67B)
Class com.google.common.collect.AbstractMapBasedMultimap$AsMap                        : loaded 2 times (x 124B)
Class com.google.common.collect.MapMakerInternalMap$StrongKeyDummyValueEntry          : loaded 2 times (x 78B)
Class com.google.common.base.Platform                                                 : loaded 2 times (x 67B)
Class org.jetbrains.kotlin.load.kotlin.header.ReadKotlinClassHeaderAnnotationVisitor  : loaded 2 times (x 76B)
Class kotlin.sequences.SequencesKt__SequencesJVMKt                                    : loaded 2 times (x 67B)
Class kotlin.collections.AbstractList                                                 : loaded 2 times (x 193B)
Class kotlin.collections.AbstractCollection                                           : loaded 2 times (x 113B)
Class jdk.internal.jimage.ImageReader$Directory                                       : loaded 2 times (x 80B)
Class com.google.common.collect.AbstractMapBasedMultimap$WrappedList                  : loaded 2 times (x 201B)
Class [Lorg.objectweb.asm.AnnotationWriter;                                           : loaded 2 times (x 65B)
Class com.google.common.collect.Maps$8                                                : loaded 2 times (x 78B)
Class org.jetbrains.org.objectweb.asm.tree.LineNumberNode                             : loaded 2 times (x 75B)
Class kotlin.LazyKt__LazyKt                                                           : loaded 2 times (x 67B)
Class kotlin.text.StringsKt__StringBuilderJVMKt                                       : loaded 2 times (x 67B)
Class [Lcom.google.common.collect.Iterators$EmptyModifiableIterator;                  : loaded 2 times (x 65B)
Class com.google.common.base.Predicates$CompositionPredicate                          : loaded 2 times (x 84B)
Class com.google.common.collect.Lists$ReverseList$1                                   : loaded 2 times (x 95B)
Class com.google.common.collect.ImmutableRangeSet$Builder                             : loaded 2 times (x 73B)
Class com.google.common.collect.Sets$SetView                                          : loaded 2 times (x 134B)
Class com.google.common.cache.LocalCache$StrongValueReference                         : loaded 2 times (x 86B)
Class org.jetbrains.kotlin.metadata.deserialization.BinaryVersion$Companion           : loaded 2 times (x 67B)
Class kotlin.UNINITIALIZED_VALUE                                                      : loaded 2 times (x 67B)
Class com.google.common.graph.SuccessorsFunction                                      : loaded 2 times (x 66B)
Class [Lorg.jetbrains.kotlin.config.JVMAssertionsMode;                                : loaded 2 times (x 65B)
Class org.jetbrains.kotlin.config.JVMAssertionsMode                                   : loaded 2 times (x 75B)
Class org.objectweb.asm.Type                                                          : loaded 2 times (x 68B)
Class org.gradle.internal.classloader.VisitableURLClassLoader$InstrumentingVisitableURLClassLoader: loaded 2 times (x 119B)
Class kotlin.comparisons.ComparisonsKt__ComparisonsKt                                 : loaded 2 times (x 67B)
Class kotlin.ranges.RangesKt__RangesKt                                                : loaded 2 times (x 67B)
Class kotlin.collections.SetsKt___SetsKt                                              : loaded 2 times (x 67B)
Class kotlin.sequences.SequencesKt__SequencesKt                                       : loaded 2 times (x 67B)
Class com.google.common.collect.MapMakerInternalMap$StrongKeyDummyValueEntry$Helper   : loaded 2 times (x 75B)
Class com.google.common.io.Files$FileByteSink                                         : loaded 2 times (x 73B)
Class org.objectweb.asm.ByteVector                                                    : loaded 2 times (x 75B)
Class [Lcom.google.common.cache.CacheBuilder$NullListener;                            : loaded 2 times (x 65B)
Class com.google.common.math.IntMath$1                                                : loaded 2 times (x 67B)
Class org.gradle.internal.classloader.VisitableURLClassLoader$Spec                    : loaded 2 times (x 70B)
Class org.gradle.internal.classpath.DefaultClassPath                                  : loaded 2 times (x 86B)
Class org.gradle.kotlin.dsl.Accessors7hi54dw6z1iwfc8il49k7nrk1Kt                      : loaded 2 times (x 67B)
Class kotlin.comparisons.ComparisonsKt                                                : loaded 2 times (x 67B)
Class kotlin.comparisons.ComparisonsKt___ComparisonsKt                                : loaded 2 times (x 67B)
Class kotlin.sequences.FilteringSequence                                              : loaded 2 times (x 71B)
Class [Lorg.jetbrains.kotlin.build.report.metrics.GradleBuildTime;                    : loaded 2 times (x 65B)
Class jdk.internal.jimage.decompressor.ZipDecompressorFactory                         : loaded 2 times (x 70B)
Class org.objectweb.asm.Symbol                                                        : loaded 2 times (x 69B)
Class com.google.common.base.AbstractIterator                                         : loaded 2 times (x 76B)
Class org.jetbrains.kotlin.metadata.jvm.deserialization.JvmMemberSignature$Field      : loaded 2 times (x 71B)
Class com.google.common.io.Java8Compatibility                                         : loaded 2 times (x 67B)
Class com.google.common.collect.Sets$FilteredSet                                      : loaded 2 times (x 133B)
Class com.google.common.io.Closer                                                     : loaded 2 times (x 74B)
Class com.google.common.collect.RegularImmutableMap$Values                            : loaded 2 times (x 203B)
Class com.google.common.collect.ImmutableSet                                          : loaded 2 times (x 141B)
Class com.google.common.base.CharMatcher$BitSetMatcher                                : loaded 2 times (x 108B)
Class org.gradle.internal.classloader.ClassLoaderSpec                                 : loaded 2 times (x 67B)
Class org.jetbrains.org.objectweb.asm.tree.AbstractInsnNode                           : loaded 2 times (x 74B)
Class kotlin.collections.CollectionsKt___CollectionsJvmKt                             : loaded 2 times (x 67B)
Class org.objectweb.asm.AnnotationWriter                                              : loaded 2 times (x 75B)
Class com.google.common.cache.CacheStats                                              : loaded 2 times (x 67B)
Class kotlin.TuplesKt                                                                 : loaded 2 times (x 67B)
Class kotlin.Unit                                                                     : loaded 2 times (x 67B)
Class org.jetbrains.kotlin.load.kotlin.header.KotlinClassHeader$Kind$Companion        : loaded 2 times (x 67B)
Class kotlin.sequences.SequencesKt___SequencesJvmKt                                   : loaded 2 times (x 67B)
Class com.google.common.collect.ImmutableMultisetGwtSerializationDependencies         : loaded 2 times (x 121B)
Class com.google.common.collect.Interners                                             : loaded 2 times (x 67B)
Class com.google.common.io.LineProcessor                                              : loaded 2 times (x 66B)
Class com.google.common.io.Closer$Suppressor                                          : loaded 2 times (x 66B)
Class org.objectweb.asm.RecordComponentWriter                                         : loaded 2 times (x 74B)
Class com.google.common.util.concurrent.AbstractFuture$Listener                       : loaded 2 times (x 68B)
Class com.google.common.base.CharMatcher$Or                                           : loaded 2 times (x 108B)
Class Settings_gradle$1$1                                                             : loaded 2 times (x 70B)
Class kotlin.ranges.RangesKt                                                          : loaded 2 times (x 67B)
Class org.jetbrains.kotlin.cli.common.messages.CompilerMessageLocationWithRange       : loaded 2 times (x 76B)
Class org.objectweb.asm.Attribute                                                     : loaded 2 times (x 73B)
Class com.google.common.base.Supplier                                                 : loaded 2 times (x 66B)
Class org.gradle.internal.classloader.VisitableURLClassLoader                         : loaded 2 times (x 113B)
Class kotlin.collections.ArraysUtilJVM                                                : loaded 2 times (x 67B)
Class kotlin.jvm.functions.Function0                                                  : loaded 2 times (x 66B)
Class com.google.common.collect.ImmutableList$SerializedForm                          : loaded 2 times (x 69B)
Class Settings_gradle                                                                 : loaded 2 times (x 120B)
Class org.gradle.internal.Cast                                                        : loaded 2 times (x 67B)
Class org.gradle.api.Action                                                           : loaded 2 times (x 66B)
Class org.jetbrains.org.objectweb.asm.tree.TypeInsnNode                               : loaded 2 times (x 74B)
Class kotlin.jvm.functions.Function1                                                  : loaded 2 times (x 66B)
Class jdk.internal.jimage.decompressor.ZipDecompressor                                : loaded 2 times (x 71B)
Class com.google.common.collect.MapMakerInternalMap                                   : loaded 2 times (x 157B)
Class com.google.common.collect.HashBiMap                                             : loaded 2 times (x 139B)
Class com.google.common.collect.Sets                                                  : loaded 2 times (x 67B)
Class org.objectweb.asm.Handler                                                       : loaded 2 times (x 68B)
Class com.google.common.base.Ticker                                                   : loaded 2 times (x 68B)
Class com.google.common.base.Strings                                                  : loaded 2 times (x 67B)
Class com.google.common.base.CharMatcher$FastMatcher                                  : loaded 2 times (x 107B)
Class [Lorg.jetbrains.kotlin.load.kotlin.header.KotlinClassHeader$Kind;               : loaded 2 times (x 65B)
Class kotlin.jvm.functions.Function2                                                  : loaded 2 times (x 66B)
Class com.google.common.cache.RemovalCause$1                                          : loaded 2 times (x 76B)
Class [Lcom.google.common.cache.LocalCache$Segment;                                   : loaded 2 times (x 65B)
Class [Lcom.google.common.cache.LocalCache$Strength;                                  : loaded 2 times (x 65B)
Class com.google.common.cache.CacheBuilder$1                                          : loaded 2 times (x 81B)
Class com.google.common.collect.ImmutableMap                                          : loaded 2 times (x 116B)
Class com.google.common.base.Predicate                                                : loaded 2 times (x 66B)
Class org.gradle.internal.classpath.DefaultClassPath$ImmutableUniqueList$Builder      : loaded 2 times (x 71B)
Class kotlin.jvm.functions.Function3                                                  : loaded 2 times (x 66B)
Class kotlin.collections.MapsKt___MapsJvmKt                                           : loaded 2 times (x 67B)
Class com.google.common.cache.RemovalCause$2                                          : loaded 2 times (x 76B)
Class com.google.common.collect.MapMakerInternalMap$WeakValueReference                : loaded 2 times (x 66B)
Class com.google.common.collect.AbstractRangeSet                                      : loaded 2 times (x 110B)
Class com.google.common.cache.LocalCache                                              : loaded 2 times (x 183B)
Class com.google.common.cache.CacheBuilder$2                                          : loaded 2 times (x 68B)
Class com.google.common.base.CharMatcher$NegatedFastMatcher                           : loaded 2 times (x 109B)
Class org.jetbrains.org.objectweb.asm.tree.IincInsnNode                               : loaded 2 times (x 74B)
Class org.jetbrains.org.objectweb.asm.tree.MultiANewArrayInsnNode                     : loaded 2 times (x 75B)
Class kotlin.collections.CollectionsKt___CollectionsKt                                : loaded 2 times (x 67B)
Class com.google.common.cache.RemovalCause$3                                          : loaded 2 times (x 76B)
Class org.jetbrains.kotlin.config.LanguageVersion                                     : loaded 2 times (x 87B)
Class org.jetbrains.kotlin.cli.common.arguments.K2JVMCompilerArguments                : loaded 2 times (x 77B)
Class [Lcom.google.common.collect.AbstractMapEntry;                                   : loaded 2 times (x 65B)
Class com.google.common.collect.ImmutableEntry                                        : loaded 2 times (x 78B)
Class com.google.common.collect.ArrayListMultimap                                     : loaded 2 times (x 168B)
Class org.gradle.api.GradleException                                                  : loaded 2 times (x 78B)
Class org.jetbrains.org.objectweb.asm.tree.LocalVariableAnnotationNode                : loaded 2 times (x 77B)
Class org.jetbrains.org.objectweb.asm.SymbolTable$Entry                               : loaded 2 times (x 70B)
Class org.jetbrains.kotlin.metadata.deserialization.BinaryVersion                     : loaded 2 times (x 70B)
Class kotlin.text.StringsKt___StringsJvmKt                                            : loaded 2 times (x 67B)
Class jdk.internal.jimage.ImageStrings                                                : loaded 2 times (x 66B)
Class com.google.common.cache.RemovalCause$4                                          : loaded 2 times (x 76B)
Class com.google.common.base.Suppliers$MemoizingSupplier                              : loaded 2 times (x 75B)
Class com.google.common.collect.CollectPreconditions                                  : loaded 2 times (x 67B)
Class org.jetbrains.org.objectweb.asm.tree.InvokeDynamicInsnNode                      : loaded 2 times (x 74B)
Class kotlin.collections.MapsKt___MapsKt                                              : loaded 2 times (x 67B)
Class kotlin.io.FilesKt                                                               : loaded 2 times (x 67B)
Class kotlin.collections.ArraysKt___ArraysKt                                          : loaded 2 times (x 67B)
Class com.google.common.cache.RemovalCause$5                                          : loaded 2 times (x 76B)
Class [Lcom.google.common.collect.MapMakerInternalMap$Strength;                       : loaded 2 times (x 65B)
Class [Lcom.google.common.io.FileWriteMode;                                           : loaded 2 times (x 65B)
Class com.google.common.collect.Maps$AbstractFilteredMap                              : loaded 2 times (x 123B)
Class com.google.common.collect.SortedMapDifference                                   : loaded 2 times (x 66B)
Class [Lorg.jetbrains.org.objectweb.asm.Symbol;                                       : loaded 2 times (x 65B)
Class kotlin.collections.MapsKt__MapWithDefaultKt                                     : loaded 2 times (x 67B)
Class com.google.common.collect.Iterables$4                                           : loaded 2 times (x 77B)
Class com.google.common.collect.MapMakerInternalMap$StrongKeyDummyValueSegment        : loaded 2 times (x 138B)
Class com.google.common.cache.LocalCache$WriteThroughEntry                            : loaded 2 times (x 75B)
Class com.google.common.cache.LocalCache$HashIterator                                 : loaded 2 times (x 82B)
Class com.google.common.io.Files                                                      : loaded 2 times (x 67B)
Class org.jetbrains.kotlin.cli.common.arguments.CommonCompilerArguments               : loaded 2 times (x 76B)
Class com.google.common.cache.LocalCache$EntryFactory                                 : loaded 2 times (x 79B)
Class kotlin.collections.CollectionsKt__MutableCollectionsJVMKt                       : loaded 2 times (x 67B)
Class kotlin.enums.EnumEntriesKt                                                      : loaded 2 times (x 67B)
Class kotlin.text.StringsKt___StringsKt                                               : loaded 2 times (x 67B)
Class [Lcom.google.common.collect.MapMaker$Dummy;                                     : loaded 2 times (x 65B)
Class com.google.common.collect.Iterables$5                                           : loaded 2 times (x 77B)
Class com.google.common.cache.LocalCache$AbstractReferenceEntry                       : loaded 2 times (x 103B)
Class org.gradle.internal.IoActions                                                   : loaded 2 times (x 67B)
Class org.jetbrains.org.objectweb.asm.Attribute                                       : loaded 2 times (x 71B)
Class org.jetbrains.org.objectweb.asm.Label                                           : loaded 2 times (x 68B)
Class com.google.common.collect.ImmutableMapKeySet                                    : loaded 2 times (x 146B)
Class com.google.common.collect.ImmutableRangeSet$ComplementRanges                    : loaded 2 times (x 203B)
Class org.objectweb.asm.SymbolTable                                                   : loaded 2 times (x 68B)
Class com.google.common.cache.CacheLoader$InvalidCacheLoadException                   : loaded 2 times (x 78B)
Class com.google.common.collect.ImmutableSet$RegularSetBuilderImpl                    : loaded 2 times (x 73B)
Class org.gradle.internal.classloader.SystemClassLoaderSpec                           : loaded 2 times (x 67B)
Class org.jetbrains.org.objectweb.asm.Frame                                           : loaded 2 times (x 69B)
Class kotlin.jvm.internal.Intrinsics                                                  : loaded 2 times (x 67B)
Class com.google.common.collect.FluentIterable                                        : loaded 2 times (x 77B)
Class com.google.common.cache.LocalCache$StrongEntry                                  : loaded 2 times (x 104B)
Class com.google.common.util.concurrent.AbstractFuture$TrustedFuture                  : loaded 2 times (x 110B)
Class com.google.common.cache.LoadingCache                                            : loaded 2 times (x 66B)
Class org.gradle.kotlin.dsl.ImplementationConfigurationAccessorsKt                    : loaded 2 times (x 67B)
Class org.jetbrains.kotlin.load.kotlin.FileBasedKotlinClass$InnerClassesInfo          : loaded 2 times (x 70B)
Class kotlin.collections.MapsKt                                                       : loaded 2 times (x 67B)
Class kotlin.collections.CollectionsKt__IterablesKt                                   : loaded 2 times (x 67B)
Class jdk.internal.jrtfs.JrtFileSystem                                                : loaded 2 times (x 98B)
Class com.google.common.io.ByteStreams$LimitedInputStream                             : loaded 2 times (x 88B)
Class com.google.common.base.Suppliers$NonSerializableMemoizingSupplier               : loaded 2 times (x 75B)
Class org.objectweb.asm.MethodWriter                                                  : loaded 2 times (x 102B)
Class [Lcom.google.common.cache.Weigher;                                              : loaded 2 times (x 65B)
Class com.google.common.collect.RegularImmutableMap$BucketOverflowException           : loaded 2 times (x 78B)
Class Build_gradle$1$6                                                                : loaded 2 times (x 70B)
Class org.jetbrains.org.objectweb.asm.tree.TypeAnnotationNode                         : loaded 2 times (x 76B)
Class kotlin.KotlinNullPointerException                                               : loaded 2 times (x 79B)
Class jdk.internal.jimage.decompressor.CompressedResourceHeader                       : loaded 2 times (x 67B)
Class com.google.common.collect.ImmutableMultimap$1                                   : loaded 2 times (x 78B)
Class com.google.common.collect.AbstractMapBasedMultimap$RandomAccessWrappedList      : loaded 2 times (x 201B)
Class org.jetbrains.kotlin.cli.common.CompilerSystemProperties$Companion              : loaded 2 times (x 67B)
Class kotlin.ranges.RangesKt___RangesKt                                               : loaded 2 times (x 67B)
Class com.google.common.collect.ImmutableMultimap$2                                   : loaded 2 times (x 77B)
Class com.google.common.collect.AbstractIterator$State                                : loaded 2 times (x 75B)
Class [Lorg.jetbrains.kotlin.config.ExplicitApiMode;                                  : loaded 2 times (x 65B)
Class com.google.common.collect.RegularImmutableBiMap                                 : loaded 2 times (x 144B)
Class com.google.common.cache.LocalCache$ValueReference                               : loaded 2 times (x 66B)
Class com.google.common.base.CharMatcher$Negated                                      : loaded 2 times (x 109B)
Class com.google.common.base.CharMatcher$Is                                           : loaded 2 times (x 107B)
Class org.jetbrains.kotlin.descriptors.SourceElement$1                                : loaded 2 times (x 70B)
Class kotlin.collections.ArraysKt                                                     : loaded 2 times (x 67B)
Class com.google.common.hash.PrimitiveSink                                            : loaded 2 times (x 66B)
Class org.jetbrains.kotlin.cli.common.arguments.CommonToolArguments                   : loaded 2 times (x 69B)
Class com.google.common.util.concurrent.AbstractFuture$Failure                        : loaded 2 times (x 68B)
Class com.google.common.base.Equivalence$Equals                                       : loaded 2 times (x 78B)
Class com.google.common.collect.Hashing                                               : loaded 2 times (x 67B)
Class com.google.common.base.PatternCompiler                                          : loaded 2 times (x 66B)
Class com.google.common.base.Preconditions                                            : loaded 2 times (x 67B)
Class kotlin.collections.SetsKt__SetsKt                                               : loaded 2 times (x 67B)
Class kotlin.LazyKt                                                                   : loaded 2 times (x 67B)
Class com.google.common.io.CharSink                                                   : loaded 2 times (x 75B)
Class com.google.common.base.Joiner$1                                                 : loaded 2 times (x 76B)
Class org.objectweb.asm.Label                                                         : loaded 2 times (x 69B)
Class org.objectweb.asm.CurrentFrame                                                  : loaded 2 times (x 69B)
Class org.objectweb.asm.ClassTooLargeException                                        : loaded 2 times (x 79B)
Class com.google.common.collect.PeekingIterator                                       : loaded 2 times (x 66B)
Class com.google.common.base.CharMatcher                                              : loaded 2 times (x 107B)
Class org.jetbrains.org.objectweb.asm.RecordComponentWriter                           : loaded 2 times (x 74B)
Class kotlin.collections.ArraysKt__ArraysJVMKt                                        : loaded 2 times (x 67B)
Class com.google.common.collect.MapMakerInternalMap$InternalEntryHelper               : loaded 2 times (x 66B)
Class com.google.common.collect.Table                                                 : loaded 2 times (x 66B)
Class com.google.common.collect.Maps$IteratorBasedAbstractMap                         : loaded 2 times (x 121B)
Class org.jetbrains.kotlin.cli.common.messages.MessageCollector$Companion$NONE$1      : loaded 2 times (x 72B)
Class com.google.common.collect.RangeGwtSerializationDependencies                     : loaded 2 times (x 67B)
Class com.google.common.base.Joiner$2                                                 : loaded 2 times (x 75B)
Class org.objectweb.asm.Frame                                                         : loaded 2 times (x 69B)
Class org.objectweb.asm.MethodVisitor                                                 : loaded 2 times (x 101B)
Class com.google.common.cache.LocalCache$EntryFactory$1                               : loaded 2 times (x 79B)
Class [Lcom.google.common.cache.RemovalListener;                                      : loaded 2 times (x 65B)
Class com.google.common.base.CharMatcher$1                                            : loaded 2 times (x 109B)
Class com.google.common.base.CharMatcher$NamedFastMatcher                             : loaded 2 times (x 108B)
Class org.jetbrains.org.objectweb.asm.MethodWriter                                    : loaded 2 times (x 101B)
Class kotlin.text.StringsKt__StringBuilderKt                                          : loaded 2 times (x 67B)
Class com.google.common.collect.RangeSet                                              : loaded 2 times (x 66B)
Class com.google.common.cache.LocalCache$EntryFactory$2                               : loaded 2 times (x 79B)
Class org.gradle.api.internal.classpath.GlobalCacheRootsProvider                      : loaded 2 times (x 66B)
Class kotlin.Lazy                                                                     : loaded 2 times (x 66B)
Class kotlin.NoWhenBranchMatchedException                                             : loaded 2 times (x 78B)
Class com.google.common.collect.CollectCollectors                                     : loaded 2 times (x 67B)
Class org.objectweb.asm.ModuleWriter                                                  : loaded 2 times (x 78B)
Class com.google.common.cache.LocalCache$EntryFactory$3                               : loaded 2 times (x 79B)
Class com.google.common.base.Ticker$1                                                 : loaded 2 times (x 68B)
Class com.google.common.collect.ImmutableMapEntrySet$RegularEntrySet                  : loaded 2 times (x 147B)
Class com.google.common.collect.Maps$BiMapConverter                                   : loaded 2 times (x 86B)
Class org.jetbrains.org.objectweb.asm.tree.InsnNode                                   : loaded 2 times (x 74B)
Class [Lkotlin.jvm.functions.Function1;                                               : loaded 2 times (x 65B)
Class org.jetbrains.org.objectweb.asm.RecordComponentVisitor                          : loaded 2 times (x 73B)
Class com.google.common.collect.CollectSpliterators$1                                 : loaded 2 times (x 86B)
Class com.google.common.cache.LocalCache$EntryFactory$4                               : loaded 2 times (x 79B)
Class com.google.common.collect.ImmutableSet$Builder                                  : loaded 2 times (x 81B)
Class com.google.common.base.CharMatcher$InRange                                      : loaded 2 times (x 107B)
Class org.jetbrains.org.objectweb.asm.MethodTooLargeException                         : loaded 2 times (x 79B)
Class org.jetbrains.org.objectweb.asm.Context                                         : loaded 2 times (x 68B)
Class kotlin.sequences.ConstrainedOnceSequence                                        : loaded 2 times (x 71B)
Class com.google.common.io.ByteStreams$1                                              : loaded 2 times (x 81B)
Class com.google.common.cache.LocalCache$EntryFactory$5                               : loaded 2 times (x 79B)
Class Build_gradle                                                                    : loaded 2 times (x 122B)
Class org.jetbrains.org.objectweb.asm.CurrentFrame                                    : loaded 2 times (x 69B)
Class kotlin.jvm.internal.markers.KMappedMarker                                       : loaded 2 times (x 66B)
Class org.jetbrains.kotlin.config.JVMAssertionsMode$Companion                         : loaded 2 times (x 67B)
Class com.google.common.cache.LocalCache$EntryFactory$6                               : loaded 2 times (x 79B)
Class org.gradle.internal.installation.CurrentGradleInstallationLocator               : loaded 2 times (x 67B)
Class org.jetbrains.org.objectweb.asm.tree.LdcInsnNode                                : loaded 2 times (x 74B)
Class com.google.common.collect.ImmutableMultimap$Builder                             : loaded 2 times (x 79B)
Class org.jetbrains.kotlin.cli.common.messages.CompilerMessageSeverity$Companion      : loaded 2 times (x 67B)
Class com.google.common.collect.Maps$KeySet                                           : loaded 2 times (x 133B)
Class com.google.common.cache.LocalCache$EntryFactory$7                               : loaded 2 times (x 79B)
Class com.google.common.collect.ImmutableSet$EmptySetBuilderImpl                      : loaded 2 times (x 72B)
Class com.google.common.collect.ImmutableList                                         : loaded 2 times (x 202B)
Class org.gradle.internal.service.DefaultServiceLocator                               : loaded 2 times (x 79B)
Class org.jetbrains.org.objectweb.asm.SymbolTable                                     : loaded 2 times (x 68B)
Class org.jetbrains.org.objectweb.asm.tree.UnsupportedClassVersionException           : loaded 2 times (x 78B)
Class com.google.common.cache.LocalCache$SoftValueReference                           : loaded 2 times (x 93B)
Class com.google.common.collect.ImmutableMultimap$EntryCollection                     : loaded 2 times (x 123B)
Class com.google.common.collect.Maps$EntrySet                                         : loaded 2 times (x 132B)
Class org.jetbrains.kotlin.util.capitalizeDecapitalize.CapitalizeDecapitalizeKt       : loaded 2 times (x 67B)
Class com.google.common.cache.LocalCache$EntryFactory$8                               : loaded 2 times (x 79B)
Class com.google.common.collect.ImmutableSet$SetBuilderImpl                           : loaded 2 times (x 72B)
Class org.gradle.internal.installation.CurrentGradleInstallation                      : loaded 2 times (x 69B)
Class org.jetbrains.org.objectweb.asm.ModuleWriter                                    : loaded 2 times (x 77B)
Class com.google.common.cache.CacheLoader$1                                           : loaded 2 times (x 71B)
Class com.google.common.collect.ImmutableList$SubList                                 : loaded 2 times (x 204B)
Class org.gradle.util.internal.GUtil                                                  : loaded 2 times (x 67B)
Class [Lorg.jetbrains.org.objectweb.asm.Label;                                        : loaded 2 times (x 65B)
Class kotlin.io.NoSuchFileException                                                   : loaded 2 times (x 78B)
Class kotlin.collections.CollectionsKt                                                : loaded 2 times (x 67B)
Class com.google.common.io.ByteSource                                                 : loaded 2 times (x 80B)
Class com.google.common.cache.AbstractCache$StatsCounter                              : loaded 2 times (x 66B)
Class com.google.common.io.LineBuffer                                                 : loaded 2 times (x 71B)
Class com.google.common.collect.MapMakerInternalMap$1                                 : loaded 2 times (x 79B)
Class com.google.common.collect.Iterators$MergingIterator                             : loaded 2 times (x 77B)
Class com.google.common.collect.RegularImmutableSet                                   : loaded 2 times (x 144B)
Class org.gradle.internal.installation.GradleInstallation                             : loaded 2 times (x 71B)
Class kotlin.collections.CollectionsKt__IteratorsJVMKt$iterator$1                     : loaded 2 times (x 75B)
Class jdk.internal.jimage.decompressor.ResourceDecompressor$StringsProvider           : loaded 2 times (x 66B)
Class org.jetbrains.kotlin.config.LanguageFeature$State                               : loaded 2 times (x 78B)
Class com.google.common.collect.Iterables                                             : loaded 2 times (x 67B)
Class com.google.common.base.Splitter$Strategy                                        : loaded 2 times (x 66B)
Class com.google.common.collect.Lists$RandomAccessReverseList                         : loaded 2 times (x 196B)

---------------  S Y S T E M  ---------------

OS:
 Windows 11 , 64 bit Build 26100 (10.0.26100.8875)
OS uptime: 12 days 23:44 hours
Hyper-V role detected

CPU: total 4 (initial active 4) (2 cores per cpu, 2 threads per core) family 6 model 140 stepping 1 microcode 0xbe, cx8, cmov, fxsr, ht, mmx, 3dnowpref, sse, sse2, sse3, ssse3, sse4.1, sse4.2, popcnt, lzcnt, tsc, tscinvbit, avx, avx2, aes, erms, clmul, bmi1, bmi2, adx, avx512f, avx512dq, avx512cd, avx512bw, avx512vl, sha, fma, vzeroupper, avx512_vpopcntdq, avx512_vpclmulqdq, avx512_vaes, avx512_vnni, clflush, clflushopt, clwb, avx512_vbmi2, avx512_vbmi, hv, rdtscp, rdpid, fsrm, gfni, avx512_bitalg, f16c, cet_ibt, cet_ss, avx512_ifma
Processor Information for the first 4 processors :
  Max Mhz: 2995, Current Mhz: 1697, Mhz Limit: 1677

Memory: 4k page, system-wide physical 7812M (806M free)
TotalPageFile size 22790M (AvailPageFile size 973M)
current process WorkingSet (physical memory assigned to process): 329M, peak: 1357M
current process commit charge ("private bytes"): 1662M, peak: 2743M

vm_info: OpenJDK 64-Bit Server VM (21.0.6+-13391695-b895.109) for windows-amd64 JRE (21.0.6+-13391695-b895.109), built on 2025-04-22T21:19:17Z by "builder" with MS VC++ 16.10 / 16.11 (VS2019)

END.
